﻿page_no,commenter_alias,comment_star,comment_time,commenter_IP,thumbs,comment_content
1,罗黛若,unknown,2018-12-04 22:06:21,,1069,撇开xx问题不谈，男女主外貌确实偏路人了，相对而言缺少明星气质，放在各个种族百花齐放的MCU里显得很绿叶。而且偏向刻板的黄种人长相，9102年仍然是这样的审美观让人理解不能西化印象包装的西化故事，只能说明根本受众还是不在我国罢辽
1,skewness,unknown,2019-07-21 20:42:15,,1373,漫威要是能拍一部反派名叫“尼戈尔”的电影，敢找个纯黑人演员来演，我就信它不是辱华。来自知乎(https://www.zhihu.com/hot?list=film)
1,关山一,unknown,2018-12-23 22:19:38,,867,漫威想扩大中国市场，可选的路子实在太多了。什么女娲伏羲后羿任你复刻。可是作为黄祸代名词的傅满洲家族豪华套餐加入漫威宇宙是个什么鬼？？？立个真香挑战叭，看看到时候舆论怎么引导，又有多少国人给你面子///第二阶段评论，看到反派选角立刻赶来修改答案，梁朝伟饰演的满大人可还行。注意哦，是满大人，满大人，满大人！！！
1,jack,unknown,2019-04-20 17:27:19,,2004,傅满洲.....一个带有极端种族歧视的名字，这种电影能引进中国吗？？？Marvel想的什么？
1,耳东陈……,unknown,2019-07-22 23:53:38,,656,梁朝伟勇气可嘉这次我站队广电
1,肉包子啊,unknown,2019-07-10 17:43:08,,361,美国人对中国的印象就是李小龙？都什么年代了，这电影充斥着美国人的自大与无知。
1,傲游2017,unknown,2019-04-06 14:56:41,,306,广汽北汽东风表示不服。（剧本没写出来，演员没选好，项目没官宣，一群人瞎嚷嚷了啥玩意儿，而且还是拿着一个早废弃的古早漫设定瞎嚷嚷）
1,xboxer11,unknown,2021-04-02 05:16:37,,268,我真的不明白上气怎么辱华了，就因为主角的爹是个大反派？是不是太敏感了，白人黑人都当多少年反派了，杀人放火无恶不作，我们看的很开心，怎么华人当一次反派就辱华了？而且是主角他爹，咱们应该文化自信一点，不要那么双标。而且政府应该多教育大家什么是文化自信，脆弱易碎的恰恰自尊心是不自信的表现。
1,阿托斯回旋镖,unknown,2019-04-08 15:50:30,,217,傅满洲：一心利用儿子，试图将其培养成他统治世界的工具。一开始，“上气”在父亲的控制下，经常与正面角色发生冲突。后来，他对父亲和自己的行径产生了怀疑，于是摆脱父亲的控制，独自闯荡。在战斗中，逐渐与蜘蛛侠、奇异博士、X教授等正面角色接触，在他们的指引下，他幡然醒悟，走上了正道，并大义灭亲，消灭了傅满洲。神特么华人电影，而且主角还不是华人。
1,momo,unknown,2019-07-23 20:32:18,,72,我希望豆瓣可以出一个【不想看】的选项：）
1,EvansLee,unknown,2019-07-15 20:13:22,,30,人家拍个中国英雄如果还被傻逼网友抵制那国内真是没救了，话说谁说非得彭于晏，优秀符合条件的华人男演员多了去了
1,X.Z.Y,unknown,2019-07-21 23:32:27,,83,本来就不看好《尚气》，男主角是傅满洲的儿子，稍微对傅满洲有点了解的人都不会觉得这只是一部单纯的英雄电影。漫威这次真的够了……p.s居然还有人洗地，说满大人和傅满洲不是一个人……他俩除了背景不同，连外形都一样，还有什么可洗的？
1,豆友47941492,unknown,2019-07-29 16:40:45,,27,复联4真田广之一众黑社会被杀，日本人可没嚷嚷着辱日。
1,pasha,unknown,2019-10-09 09:12:52,,40,热评那个南柯一梦，跪族你好。既然你都说不是拍给中国人看的，到时候上映了可别舔着脸来中国宣传哦。
1,👋,unknown,2021-04-21 05:28:57,,14,预告片看着不错。我觉得辱不辱华这事儿全看各人自己怎么想，咱拍金坷垃圣地亚哥人民也没说啥啊。
1,三月对我笑,unknown,2019-07-29 18:05:14,,16,真的非常奇怪，总觉得漫威就算对中国人歧视到骨子里了也不会蠢到辱华，要捞钱呐。可是这剧情怎么看都是辱华啊——中国人的儿子是渣渣，然后在白人的感化下变成了超级英雄？我想不到这剧情要怎么改才能不辱华。说真的，我觉得要是只有傅满洲没有他儿子，反而还没那么辱华。
1,G,unknown,2020-04-20 08:37:39,,21,感觉漫威肯定是知道辱华历史的，他们就是刻意要用这片子改变别人认知吧。（用屁股想都知道片子拍出来肯定不会辱华）
1,tedjsmeng,unknown,2021-08-27 13:55:44,,15,看到好多吐槽选角和剧本的，这个现状是不是因为美国不懂中国人爱好，是现在外国人完全没办法在国内互联网注册任何帐号了，中外交流几乎完全阻隔了呀。
1,不说,unknown,2019-04-03 02:10:23,,15,我说句公道话吧，非常简单，用中国演员，没名气的不适合，有名气的没有性价比，老一辈的不可能出演年轻角色，漫威是绝对尊重中国人的，毕竟中国的漫威粉不在少数，使用韩国人，也是没有办法的事
1,V.,unknown,2019-07-22 22:21:57,,31,黑豹知道用黑人导演，惊奇队长知道用女人导演，为什么到上气这里不用华人导演了？
2,无线氧气管,unknown,2021-04-20 10:32:47,,18,可能漫威这些年太久没感受到扑街是什么滋味了...
2,豆友199179902,unknown,2021-04-21 23:47:21,,29,评论区差不多得了，又是蛆又是粉红……呵呵，自己还是先看看自己是不是中国人吧。如果是，那么即使这片制作再精良，剧情再刺激，该抵制抵制，麻烦你们拿出中国人的态度来，这种片如果让他挣到钱了，那别人不都当我们傻吗？
2,阙杺,unknown,2018-12-07 08:38:23,,26,为了讨好中国人的影片，大家可以去了解一下上气这个人物的原型和来由，就知道为啥有些人抵制它了。
2,我超有嚼劲,unknown,2019-07-22 06:46:12,,39,到底是谁给了漫威勇气，顶着“中国超英”的名号翻拍辱华作品？还找了两个巨丑的主演，是故意的吧？之前粉丝见面会就看出来对国内粉丝不上心了，是觉得中国粉丝钱好挣，中国人给啥就看啥吗？电影说到底是意识形态输出，您美帝软实力牛逼，拍这样的电影给全世界看，不管国内是否引进，都阻止不了它在全世界的影响力。作为中国人，我们有权抵制，甚至卧果敏感度还远远不够。我们的文化不可以被这样轻慢地对待，不可以随意被扭曲和抹黑。
2,Tarmogoyf011,unknown,2021-03-28 01:25:31,,15,真要上映怕是得漫威发布道歉声明，女主换成刘亦菲，反派换成拜登，男主换成吴京一人吊打漫威全英雄，直接推平漂亮国。唯有这样才能平息遭受“辱华”的怒火吧。
2,暗之末裔,unknown,2019-08-07 17:14:18,,12,我完全不想看，原因跟是不是辱华也没关系，毕竟电影没出来，不能现在就说是辱华，我不想看的原因只有一个，男女主角都太太太丑了，选个帅哥美女来演会死么
2,牧之,unknown,2021-05-31 08:47:21,,14,这个电影想在中国大陆票房大卖其实很简单，只需要改个名字就可以，尚气这名儿一听就tm丧气，谁还愿意去看，你要是改个名BananaMan这一听多tm霸气，这名一改后那些黄皮虽披在身但我心照白心的香蕉侠们那还不得马上去电影院表心智啊
2,FC花生🌈,unknown,2019-07-12 00:00:46,,7,傅满州是早期设定，现在上气的父亲已经改成了邪恶术士郑祖，而且为了贴合MCU，上气真人电影父亲很可能改成满大人，反正无论如何傅满洲出现几乎不可能了，也不用担心引进的问题，安心期待就好。
2,Oceans Deep,unknown,2019-07-21 16:18:38,,21,我不想看。从历史发展角度来看，在这种争议话题上玻璃心一点没什么不好的。你以为你不在乎是自信，别人只是把你当好欺负。就算改了原型，那还不都是为了钱，为了中国票房，漫威脸都不要了。
2,犹迟明,unknown,2021-04-20 10:57:35,,17,男女主颜值加起来×2都打不过60岁的梁朝伟，神经病选角。
2,隔壁的戴恩,unknown,2019-07-21 20:58:07,,32,上气女主角选这么个玩意儿出来就是恶心我们亚洲人“你们亚洲人就该这么丑”
2,银色战车,unknown,2019-07-24 01:13:33,,14,能不能选“不想看”？这女主就尼玛离谱！
2,买不起票啊,unknown,2021-05-31 08:44:08,,6,这个电影想在中国大陆票房大卖其实很简单，只需要改个名字就可以，尚气这名儿一听就tm丧气，谁还愿意去看，你要是改个名BananaMan这一听多tm霸气，这名一改后那些黄皮虽披在身但我心照白心的香蕉侠们那还不得马上去电影院表心智啊
2,HYH,unknown,2019-07-22 09:14:03,,27,漫威选角真tm好阿，司马漫威，我现在知道中国人在外面的形象了。
2,血刀老祖,unknown,2019-07-25 16:42:42,,7,最近很热门的话题，已经成功激发大部分网友的观看欲望了，这个反向营销做的太神奇，可惜必将无法在国内上映
2,[已注销],unknown,2019-07-23 23:00:50,,7,唯一的担心是迪士尼为了政治正确将反派改得不那么坏，请老天满足伟仔想演纯粹恶人的心愿吧
2,豆友172784238,unknown,2019-08-15 01:02:27,,6,此片一出，谁与争锋！中国人集体犯病，个个都是“支气管炎”。寻医问药，哪里最好？《尚气》牌，特效治疗药，专治“支气管炎”、“支气管扩张”。----------漫威制药厂倾情奉献
2,河畔有只嘎嘎羊,unknown,2019-07-21 11:08:02,,24,都21世纪了，还搞傅满洲？？？？？
2,懒惰,unknown,2019-07-23 22:17:29,,18,评论里的某个憨批，你自己不拿自己当回事就算了，别洗脑别人不拿自己当回事。既然辱了我，我不去看并辱回去关你这垃圾屁事
2,王禹添,unknown,2021-04-21 08:52:33,,4,请问怎么能标记“不想看”？
3,八声甘州,unknown,2019-07-27 21:03:48,,12,辱华劝退，本来斯坦李过世后就觉得妇联4和小虫2都有很恶心人的因素了，现在这波操作就是打算放弃中国市场啊？不好意思坐实辱华的话以后洛基小虫毒液我都不会贡献票房了。铁罐小虫之类英雄我还是喜欢的，害。
3,一片空白,unknown,2021-05-13 20:57:40,,6,好家伙，随便上来看看就看见一堆骂战。不如想想这种中国式的英雄成功了对我们国家有什么影响，不成功有什么影响。
3,独孤先生,unknown,2019-07-21 11:40:45,,15,你们要是觉得舒服你们就去看
3,战斧牛排,unknown,2021-04-20 13:15:46,,7,一点都不不关心乳没乳化，但男主看起来像是梁朝伟他爹！女主也是丑的鸡立鹤群。冲这俩颜值影响观感未上映先扣两分。
3,A few,unknown,2019-07-27 11:22:43,,9,根就是有问题的，改得再好也摆脱不掉本源。傅满洲和傅满洲相关的东西本来就该被历史遗忘，不能被重新提起。
3,207,unknown,2019-09-14 19:59:54,,6,大致去了解了一下，一如既往的刻板印象。墙外的看不到墙里的，墙里的也看不到墙外的，墙里墙外都喜欢互相抹黑。在这种背景下，别指望老外能拍出什么好的中国题材电影。说好听点是不了解中国文化，其实就是赤裸裸的歧视。看电影就图个乐，没必要去受气。希望这部电影在中国市场直接暴死，不然就太可笑了。
3,上坂花舞,unknown,2019-08-10 14:59:24,,13,那些给这东西洗白的，我们不是狭隘的民族主义，我们也不是小心眼，我们更不是故意抹黑它，我们只是在别人给我们喂屎的时候会反击了
3,爬山好累,unknown,2019-07-21 16:22:27,,8,漫威膨胀了
3,晓凡,unknown,2019-07-21 19:02:00,,11,谁看谁大sb（帅比）
3,王别树,unknown,2019-07-21 12:00:02,,4,期待伟哥留两撇小胡子。
3,獨孤求敗,unknown,2018-12-17 19:13:09,,0,http://daily.zhihu.com/story/9713684
3,🎃,unknown,2020-03-22 17:29:11,,4,看这女主就来气，🐶日美地锅。
3,王爱国爱摸🐠,unknown,2019-07-21 13:12:59,,6,记录一下不想看的理由...希望内地上映的时候举报走一播
3,懒虫,unknown,2019-07-22 16:21:58,,18,漫威这是觉得中国的钱太好赚了吗
3,velvet,unknown,2019-07-24 22:19:46,,2,一条条来1.审美论，你去找组外国女性图，看下你识别出来的美女，是不是别人眼里的美女2.梁朝伟论，去看下李安拍的色戒，怎么演反派也会被喷3.外国人瞎拍论，李安拍的比利林恩中场讲美国军队，怎么就合理了呢4.傅大人历史论，怀念下以前的小米加步枪。然后关于是不是中国人，既然弘扬中华美德，在公共区域骂人是中国人？既然漫威这么无德，那迪士尼旗下的其他电影会不会又暗含嘲讽。稍微有点论点再出来讲道理好么，星球大战是不是灭父了，被解放的姜戈是不是白人拍黑奴题材。看了这么多电影，到底看到了些啥。到底有谁是拍电影专门为了骂人的，仔细想想好么。
3,8iniesta,unknown,2021-04-23 13:17:00,,6,敢上就敢给一星
3,真炎幸魂,unknown,2019-07-25 12:42:25,,9,不用奇怪，白皮🐷眼中的华裔女性普遍相貌就是女主那样的。不信自己去问
3,🎤。  谨言,unknown,2019-04-07 22:43:10,,2,2020年我结婚了吗考上招教了吗
3,&,unknown,2021-08-21 09:09:10,,4,对不起，真的不是因为我想骂男女主，只是我实在喜欢不起来。。。甚至多了些反感。。。
3,雾绝尘,unknown,2019-04-08 06:56:03,,5,按照“清气上升”之意，主角应该叫上清，漫威真是取名鬼才，还是不了解文化，“上气”最适合得名字应该是“升龙”，在此缅怀李小龙前辈。
4,涯～,unknown,2019-08-20 17:07:44,,6,我决定等片子拍出来再作判断它是不是辱华，你们可以骂我了
4,古尔齐亚,unknown,2019-06-11 16:08:45,,3,傅满洲之子加入复仇者联盟？？
4,MosephMoestar,unknown,2019-07-21 17:11:56,,4,这男主长得凑合这女主长得实在恶心嗷
4,世界末末日,unknown,2019-06-24 13:01:42,,5,已经不想看了，这种辱华电影还想圈钱？希望不要过审
4,肥鹅君,unknown,2019-07-24 21:27:57,,10,辱华什么的先不说，就冲这女主也没法买票啊
4,Kavi,unknown,2020-09-07 14:02:30,,5,灭霸之后再无漫威，【黑寡妇】是期待的最后一部漫威电影！
4,豆友234193244,unknown,2021-08-23 04:57:54,,7,只要这片子在大陆能公映，我就敢客观打分。
4,海山·野火,unknown,2021-09-04 14:15:53,,0,傻里傻气，看的时候常常出其不意笑出猪叫。
4,filrtejsh,unknown,2020-11-23 08:09:39,,6,讲真的。我们一次一次拍电影。里面外国人各种坏，各种反派，就不是辱美了。美国人拍个漫画电影涉及到中国角色就辱华了，键盘侠能不能理智些，能不能不双标？
4,豆友2174522,unknown,2021-04-19 22:35:23,,5,刚看完预告是没有期待的。但就是看不惯现在这动不动就抵制这抵制那的。
4,冬日里一朵暖云,unknown,2019-08-23 21:04:27,,7,它让我知道了华裔和华侨是不一样的。梁朝伟，呵呵
4,Birdy,unknown,2019-08-25 01:17:20,,3,辱华？我就看看谁被打脸
4,范仲淹食粥,unknown,2020-11-26 01:45:08,,3,想看溥满洲的儿子怎么认白皮帝当爹反击牠父亲的故事
4,中国的华莱士,unknown,2019-07-18 11:56:34,,7,目测扑街
4,豆友209135639,unknown,2020-02-26 13:35:32,,3,辱华，丧气！
4,落丨默,unknown,2021-04-20 19:51:13,,3,这部绝对不会去影院看，预告就很Low，2021年还处处透露外国人的无知
4,帽子侠,unknown,2019-07-27 19:03:05,,6,扑街扑街
4,Gatsby,unknown,2019-07-23 09:06:18,,13,不会看的，傻逼辱华电影还想圈中国人的钱？
4,青春喂了作业w,unknown,2019-07-24 18:17:14,,20,不懂为什么有些人要拼命洗那些侮辱你的电影，还巴巴地去贡献票房，完了再来打个五星，这相当于别人骂你是猪你还说骂得好。呵呵。
4,黑色大丽花,unknown,2021-09-04 08:11:38,,0,勇气可嘉！居然真的敢在中国大陆上映。上气不接下气。
5,Sylar,unknown,2019-07-29 10:45:20,,4,看看人家隔壁DC三观，漫威就是个弟弟。
5,管子,unknown,2019-07-25 23:45:44,,10,这么垃圾的片，标一下以后当做反省自己的底线（真tm恶心
5,？,unknown,2019-08-15 16:08:45,,8,呵呵，果然林子大了什么鸟都有，漫孝子们还想洗多久?
5,瓜熟蒂落,unknown,2019-07-26 01:03:06,,9,ChingChongChinamanChinkSlantCoinslotPanfacePanheadRedMonkeybabymuncherMean？Dr.FuManchu艺术怎么能分Nigger呢？欢迎收看首部华人主演漫威新电影《傅满洲的儿子》
5,egghead,unknown,2019-10-14 04:14:22,,6,动不动就提辱华，真是可笑。反派小人角色就不能是华人？战狼二算不算辱美呢？
5,人余🌈,unknown,2021-05-19 22:44:31,,0,🍀
5,KayCorleone,unknown,2021-11-28 00:06:57,,0,但是男女主真的好丑啊
5,As the deer,unknown,2019-07-27 17:47:53,,6,滚回美国去，上气
5,猫様,unknown,2019-06-12 00:16:19,,4,应该会糊的很惨吧
5,且培风去,unknown,2019-07-22 11:39:34,,5,钢铁侠之前也不火，不也捧成了电影宇宙一哥？漫威的华人英雄不应该只有这一个吧，非要选一个有黑历史的。还有谜之选角，男主演员中规中矩，也不吐槽了。这女主？美国华人女演员没了？汪可盈温明娜，之前惊队里的嘉玛陈，怎么选的？之前看星战8黑豹惊队的种种不适感扑面而来，讲道理看电影是为了舒服，戏里戏外都难受看它干嘛，网盘不见！
5,momo,unknown,2020-09-07 23:07:30,,2,这都是什么玩意呢
5,何日酥,unknown,2021-04-19 22:08:40,,1,这预告片梁朝伟的人设脱离了那谁之后我咋一个激灵看出了隔壁雷霄古…没事反正我都嗑。
5,飞鸿踏雪,unknown,2020-08-26 13:10:46,,2,不看
5,张库岑,unknown,2021-11-11 23:04:53,,0,0906-黑红也是红希望内地能够上映1111-也太荒谬了吧为什么陈Gamma不来演这部
5,blank,unknown,2019-07-22 15:11:13,,8,请告诉我梁朝伟这么大的眼睛怎么生出眼睛这么小的儿子的
5,绥远蓝帝,unknown,2018-12-19 19:24:33,,6,上气不接下气，刻板印象还要大义灭亲？我倒要看看你能整出什么幺蛾子疯狂狗头😼😼😼😼
5,karma,unknown,2020-08-17 20:13:34,,1,尚气？晦气
5,子夜奔腾,unknown,2021-11-19 07:58:15,,0,【云12G】
5,对你爱不完,unknown,2019-07-21 13:59:30,,1,难免有些不情愿。
5,慕风,unknown,2019-07-24 15:56:07,,4,我还以为会选一个会唱跳Rap篮球的【滑稽保命】
6,叫我朱可爱。,unknown,2019-07-22 15:21:06,,12,精外的都是大傻逼
6,けんちゃん,unknown,2021-10-10 22:13:58,,0,20211010ssb
6,红色沙滩,unknown,2019-07-23 08:41:18,,1,哥斯拉都能拨乱反正……希望傅满洲也可以
6,以然,unknown,2021-10-10 12:42:06,,0,？
6,蒋能杰,unknown,2022-05-05 09:04:39,,0,这片国内没上映没发行吧，还这么多的人看过。
6,甛椡鎄饬☆,unknown,2020-02-16 23:02:30,,1,百分百会被网友以辱华为由抵制……@2019-07-1510:44:12
6,Ran Hsu,unknown,2019-07-21 19:44:04,,2,主角……不如雷佳音演呢……
6,槿生_Sarah,unknown,2021-11-16 21:11:17,,0,神奇动物3除非全剧都在纽特的箱子里发生，否则真的很难比这部更像神奇动物，连最后boss都是神奇动物。以及美术设计（？）很有诚意，剧情有些儿童，回忆起了90年代那种儿童幻想剧，高配升级版小龙人。
6,冬天睡不醒,unknown,2021-04-20 12:24:10,,3,基本上可以断定是烂片
6,心的距离,unknown,2019-08-10 00:42:12,,7,不管漫威脑残粉洗不洗，但凡是有点辱华成分，广电直接给你咔嚓掉，根本不用你抵制。
6,太阳小鸟花和我,unknown,2021-12-13 13:15:42,,0,Best2021-PopularIMDB
6,混公,unknown,2020-03-13 18:10:57,,2,想用一部疝气，站着就把中国人的钱赚了，糟践我的文化，恶心完我还问我要钱，这些白狗真是想得很美啊。
6,小姚的吉姆餐厅,unknown,2022-07-20 21:05:30,,0,怎么这么多友邻看了……
6,一头猪,unknown,2019-07-22 19:12:23,,2,拍不好的话漫威在中国的路估计就走到头了。
6,天门外的回忆,unknown,2021-12-10 00:59:40,,0,6.1_尚气与十环传奇Shang-ChiandtheLegendoftheTenRings(2021)
6,比翼戲清池,unknown,2021-12-03 19:17:09,,0,我觉得漫威是按王的标准来选出刘思慕这个演员的→这是我看到片末时得到的领悟，顿时心里充满宽恕（估计王有很高人气）。张梦儿像是第二代的刘玉玲。剧情没有什么值得讨论，估计这种设定也包含上《铁拳》的设定（铁拳侠丹尼斯的圣地老窝是昆仑），而原版的上气是以李小龙为蓝本。
6,plasticstyle,unknown,2019-10-01 10:49:29,,5,女主可以先整个容再来拍吗？
6,十三导游,unknown,2019-07-21 23:56:50,,7,我是漫威粉，但我非常反感这次的角色人选。我选择不看。
6,StAn,unknown,2021-11-11 21:43:09,,0,伟仔讲普通话仲拗口过讲英格力士我唔要你死啊！唔好啊！点解要咁！！！在对陈法拉、梁朝伟和awkard-fina滤镜开到最大的前提下……这真是我最喜欢的漫威之一了……
6,WHON大吉,unknown,2023-08-08 14:29:21,浙江,0,想看看亚洲ken的戏了
7,NEO,unknown,2021-10-24 19:18:21,,0,开始看了一些资源截图我以为是恶搞电影。随便翻看了环子还行，但是人物没太多兴趣都太老了，尤其是紫琼。。。形象和语音都不喜欢。
7,露易莎去春游了,unknown,2019-09-02 01:33:42,,2,我就要看！
7,星星,unknown,2021-11-15 10:39:28,,0,想
7,中北斗神拳了,unknown,2021-04-19 22:00:08,,3,预告片看上去就是美式中国风，夏威夷亚裔导演能懂中国文化吗，所以这就和“左宗棠鸡”“中式杂碎”的内核是一样的。很喜欢一句话“你们愿意喊美队雷神洛基老公，愿意喊尚气老公吗？”
7,搬仓鼠,unknown,2019-07-24 17:44:27,,4,能够感受到Marvel为了成全帝国群众审美而做出的一切努力。大清或成本片上映最大受害人。另外主角这名儿太别扭了，听着像放了个不响的屁似的，就不能叫得像个人点吗？
7,好喜欢吃香菜,unknown,2019-08-04 07:41:35,,2,其实我只关心男主角太丑了
7,难得清醒,unknown,2021-09-03 20:11:40,,0,搞快点！我已经有超过十年没有在大银幕上看梁朝伟了！
7,小心心,unknown,2021-08-24 11:28:24,,0,如果我见到尚气，我就会和他说，我不止有一个洞！爱死了都！为啥大家会觉得他丑。
7,程莎莎Abigail,unknown,2021-09-05 15:19:31,,0,起码中文能说的正常点！漫威也进步了，木哈哈哈
7,李贺123,unknown,2019-07-21 16:27:52,,1,上气这英雄可以。没有钱没有变异没有血统。关于他爹，应该不会是邪恶的，否则进不来中国市场
7,冷行,unknown,2021-08-21 12:40:29,,1,见识见识
7,茉莉的茉。,unknown,2020-12-12 11:21:47,,0,✨👀
7,吴彦祖55555,unknown,2019-07-21 16:32:24,,8,有负分给负分。
7,JOSELEE,unknown,2021-09-08 04:25:55,,0,你比五环多五环。
7,嘉旋👁,unknown,2019-07-22 07:28:47,,5,这女主，长的真丑，刚吃过早饭，恶心！
7,GeeMusou,unknown,2019-07-21 12:53:23,,0,打败一个丑恶的形象，创造一个新的，英雄形象，如果华人不这么想，那对这个片子怕是很难接受了。
7,HARRY.u,unknown,2021-09-11 22:23:54,,0,自媒体是全世界最喜欢rh的团体
7,G-despicable,unknown,2022-05-16 17:39:38,,0,漫威烂片
7,不能放弃,unknown,2019-07-24 22:12:26,,1,看到评论全都是说有辱华现象，特地去百度了一下，发现这个满大可不是你们说的傅满洲，以下来自百度。【满大人是钢铁侠的最大宿敌，需要说明的是，“满大人”这个翻译是音译。满大人英文原为“MANDARIN”，“mandarin”一词在英文中指“行政官员”的意思（也有翻译是普通话和柑橘，音译为曼达林），早在明代的时候该词便已出现，一般是对中国乃至整个亚洲古代官吏的泛称，并不单指满清官吏，更与满人无关。MANDARIN在漫画中也自称成吉思汗后裔，并非满族人。】
7,犀牛飼養員,unknown,2021-06-28 17:10:55,,0,想看看这么有争议能拍成啥样
8,whisky🐉,unknown,2021-09-05 02:17:02,,0,gogogo
8,Sisyphus,unknown,2021-04-25 12:03:11,,0,我们为什么不去把钢铁侠3的分刷下来啊，里面也有满大人啊？凭什么它就可以7.8分
8,安隱,unknown,2021-06-14 14:08:53,,0,看到梁朝偉是唯一的安慰，仿佛西毒回西域了……拖美指出去打靶吧。
8,艾玛玛玛玛,unknown,2021-12-01 14:39:14,,0,有点想看看到底拍的有多差
8,o.o,unknown,2021-11-13 10:07:29,,0,因为差而记住的漫威
8,焦虑症先生,unknown,2019-07-24 10:49:38,,0,关于这部电影，有些话挺想说的，如果说的不好别介意。在欧美电影里是不是每个反派都必须是白人，拯救世界的都是黄种人，黑人才可以，这样子就是不侮辱了。这种感觉，自己在歧视自己，比别人歧视更难受。《尚气》的漫画有歧视华人是因为“傅满洲”这个角色，那拯救世界的还是尚气呢，那您觉得给“傅满洲”这个角色安排一个啥形象合适，叫成“傅美国”？？？然后金发蓝眼睛的形象？？？关于辱华动画，我看过一些资料，辱华的动画是把清朝华人的形象，弄成小细长眼睛，戴着斗笠，留着兔牙，脸颊带点小麻子。（加勒比海盗3中就是周润发形象，曾经引起不满）。我认为是漫威这次拍马屁拍错了，拍到马鼻子上了。
8,公子小白,unknown,2019-08-03 08:45:50,,1,21年的电影到现在还没看过..
8,我,unknown,2020-10-23 14:21:14,,1,AllforSimuLiu.Histwitterissowitty
8,古德曼,unknown,2021-04-27 19:35:49,,3,预告片挺不错，有点期待。
8,看冇老生,unknown,2021-09-23 03:03:41,,0,A
8,吃猫的鱼,unknown,2021-07-04 15:38:04,,0,无疑是烂片
8,哀歌与衷曲,unknown,2023-02-23 16:44:40,北京,0,是有意识形态战争么？
8,🏳️‍🌈⃤,unknown,2021-04-20 11:43:22,,0,好喜欢Awkwafina呜呜呜
8,吟游诗人Bard,unknown,2021-07-28 09:30:54,,0,唐人街味儿让华裔二代弑父是吗表忠心皈依美国价值观？跟美苏冷战一个思路呢苏联人总是坏人
8,不知煮红豆,unknown,2019-07-24 18:57:14,,12,完全没法洗，从背景到故事到选角满满的恶意，估计投资也不会大。指名道姓骂你了还继续舔？别说人家审美是这样，看看其他外国片的国人，和其他几个选角吧，特意选了最丑的你还洗审美不同，看来洋大人视力都不咋的。
8,坏海东,unknown,2021-05-24 18:17:56,,2,既然如此，必须支持漫威了😀
8,依路深,unknown,2021-11-21 18:10:05,,0,一万个好奇是什么个鬼电影
8,[已注销],unknown,2019-07-21 09:58:28,,0,这是一个为了利益才强调多元化的市场
8,重生之我注六经,unknown,2019-07-16 20:46:52,,0,NB
8,紫婉,unknown,2023-03-04 16:17:12,北京,0,山海经
9,Azimov_Zhang,unknown,2021-05-04 13:09:50,,1,看预告显然就一普通流水线特效片，想骂辱华的应该可以不用张开嘴了，因为估计它会平庸得让人根本懒得鸟它。最后六到七分吧。
9,火车怪客,unknown,2018-12-07 21:40:29,,1,不是李冰冰的虎影侠也不是邓紫棋的皮裤侠。
9,枕流,unknown,2019-07-22 10:09:11,,4,为了发表评论只能点了想看……其实完全一点也不会去看。漫威如果真上映了这部电影，之前所有在华人区积攒的好感将会荡然无存。搞不明白这么一个辱华、丑化华人形象的角色，漫威作为一直都很尊重中国市场的企业为什么会筹划电影？从此漫威黑
9,二十世紀梨,unknown,2021-09-06 11:34:57,,0,这不就哈姆雷特
9,隔岸观火,unknown,2019-07-21 12:14:39,,0,看到梁朝伟，哭出了声……为什么要这样作践自己…(╥﹏╥)
9,Jacky,unknown,2021-08-19 13:36:04,,0,剧情真的太一般了，场景布局还好看，三星吧。
9,川貝,unknown,2021-09-04 00:44:04,,0,看新闻里的观众说好看。。。
9,一只小蠢熊,unknown,2021-01-02 22:06:07,,2,看情况，如果真的乳化，那对漫威也没什么好感了
9,莫德里奇,unknown,2019-07-24 23:56:47,,6,抵制！！！
9,樹,unknown,2021-12-25 16:48:10,,0,pattern/陈法拉
9,郭琳琅,unknown,2019-04-25 02:53:09,,0,希望主演上气的是中国人！
9,Nobody,unknown,2021-08-12 14:39:53,,2,梁朝伟
9,Zal、31,unknown,2021-09-05 09:19:33,,0,Tony。
9,。。。,unknown,2021-03-18 10:03:50,,4,这电影从头到尾都辱华😅
9,蓝野,unknown,2021-07-03 10:49:15,,0,矮马，还以为是雷佳音。。。
9,任兼士,unknown,2021-08-26 23:03:56,,3,看了海报我一边笑一边感到孩怕是咋回事？
9,Rob,unknown,2021-11-21 12:18:15,,0,博士推荐
9,豆友153157390,unknown,2021-08-18 23:53:04,,0,梁朝伟那个脸像被坦克碾过一样，希望奥卡菲娜打死他。
9,福禄,unknown,2021-12-15 13:43:13,,0,确实很丑
9,小王八年方八二,unknown,2021-09-04 12:45:32,,0,为了梁朝伟！
10,天舒老师,unknown,2021-11-10 20:53:51,,0,男主实在是太丑了还在犹豫要不要看
10,5,unknown,2021-09-03 22:25:08,,0,看预告，梁朝伟才是主角的感觉。无论你肌肉再发达、块再壮，梁朝伟一出现，那都不是事儿了，所以老外难道自己都没感觉出来眼神有多重要吗？（多少有点拉踩男女主眼睛属于西方刻板印象的意思）
10,NaNa,unknown,2021-11-17 00:09:42,,0,？不适
10,momo,unknown,2022-07-28 00:37:59,,0,😅原来这电影已经上了啊……
10,弥敦道的鹿小姐,unknown,2021-11-13 08:58:22,,0,尚不了就很气
10,安生,unknown,2019-03-23 09:54:56,,1,上气不接下气哈哈
10,亶1113,unknown,2019-08-15 23:50:09,,2,我的伟仔!!!我他吗真的落泪了，丢啊!!!
10,果壳宇宙,unknown,2021-06-27 10:38:50,,0,恶心谁呢？！倒贴钱也不看这俩以ru华思维选出的丑八怪男女主，是中国人就不要洗白这部烂片!(应增不想看选项)
10,豪豬拉麵一番,unknown,2019-08-14 22:03:11,,1,一點都不想看疝氣~
10,化学CHO,unknown,2021-04-24 01:11:34,,1,主角的样子，感觉有点刻板印象。不过按照我的审美，男主演也挺可以的。
10,记忆里的猫,unknown,2019-07-22 07:47:31,,4,想看看怎么死
10,kevin,unknown,2022-02-15 11:48:31,,0,想想看看到底是怎么评分低
10,Celsius,unknown,2021-09-04 14:09:10,,0,梁朝伟我真的受不了了我等不了了我明天就要开学了给我看看吧哈哈哈呜呜呜
10,灵芝仙子,unknown,2023-02-22 00:29:05,辽宁,0,美国拍的中国英雄，想看看。
10,滨田朝光,unknown,2021-09-05 16:52:32,,0,好想看
10,小包向前冲,unknown,2018-12-04 23:04:58,,1,牛皮，以龙哥为原型，然后反派是傅满洲。。。
10,espa🍀🍒🍭,unknown,2020-09-24 15:35:27,,1,梁朝伟！？？？
10,国剧教父孔笙,unknown,2021-04-20 11:53:27,,0,漫威快餐从来没有及格过...但是你不看又不行
10,儒雅的阿刘哥,unknown,2019-08-13 08:48:02,,0,洗地狗们你们美爹让你们回家吃饭了，再乱吠小心漫威翔都不给你热的！
10,艾森伯格,unknown,2021-05-14 08:59:50,,0,对不起，你要搞内涵，我就不让你上映。玻璃心时代，战狼满天飞，盛世网红一片大好，暗地里内卷纷争褥羊毛。
11,梦中加冕,unknown,2021-04-22 11:29:40,,3,就算不谈乳花元素，这电影观感甚至不如刘亦菲的花木兰这样的商业烂片上映了能让哪些人嗨起来不用说了吧
11,孙恬恬,unknown,2022-08-08 08:44:32,,0,执拗是种病
11,wJt,unknown,2019-07-21 12:50:52,,0,哦谢特来圈钱了
11,老司机阿飞,unknown,2019-07-22 08:29:36,,4,上映了我看你演的什么个b样
11,君の待つ世界,unknown,2020-03-16 14:34:41,,0,爷爷服了，一群sb瞎鸡巴逼逼，不想看就滚蛋
11,你要吃橘子嘛？,unknown,2022-08-20 01:25:35,广东,0,梁朝伟
11,lvyin,unknown,2018-12-04 20:23:16,,1,看成了土气
11,娇娇脚脚觉觉,unknown,2021-11-15 11:55:57,,0,笑死
11,无生比指导,unknown,2021-04-24 22:06:11,,1,有谁给解释下预告片中的京东是什么情况?
11,皮皮,unknown,2021-10-22 10:58:21,,0,@2022-06-0712:09:11
11,冬夏,unknown,2019-07-21 18:25:08,,0,选的什么油腻老男人演，票房能赢惊奇队长算我输
11,本加菲猫不吃鱼,unknown,2021-04-27 13:09:50,,3,看着吧，跟刘亦菲的《花木兰》一样的下场。
11,键盘侠在四川,unknown,2021-04-23 22:58:44,,0,想看
11,杰弗逊飞船,unknown,2021-08-23 10:41:17,,5,漫威粉屠杀弱智宇宙。
11,Arkzyd,unknown,2019-07-31 18:39:45,,0,1
11,Silber,unknown,2021-05-07 13:14:26,,0,我就想看看迪士尼能把一个李小龙大战傅满洲的故事拍成什么样
11,雷格泰姆,unknown,2021-09-04 14:14:07,,0,人活着就是为了在不同时间爱上梁朝伟（
11,Jason.w.bourne,unknown,2019-07-21 23:22:47,,0,2019721
11,MI,unknown,2021-05-18 14:33:53,,4,是有人已经看过了吗？怎么感觉那么多人看过了？漫画里的设定未必会延续到电影里，美国政治正确为了中国观众不会也不可能按照漫画里这么拍。收起你的民族玻璃心，行不？
11,？,unknown,2019-07-21 16:33:07,,4,我缓缓打出一个问号
12,萌叔有话说,unknown,2021-10-18 07:36:08,,0,为啥我们看不到啊
12,摇珩,unknown,2021-09-04 12:52:10,,0,其实就为了看梁朝伟。。。
12,琉光,unknown,2019-07-25 10:55:46,,4,2021年2月12ri中国大陆上映？漫威在做白日梦吧
12,Yuyu,unknown,2021-04-21 19:56:33,,1,漫漫...漫威？
12,Rencee,unknown,2019-08-22 16:06:06,,0,hehe
12,ilrpp,unknown,2021-11-15 06:39:53,,0,看看漫威哪天过气
12,鸭血粉丝小笼包,unknown,2021-09-04 23:21:59,,0,啥时候能进大陆？
12,好狗灰仔蹦蹦勾,unknown,2021-11-22 21:14:37,,0,虽然不看漫威但（
12,友谊路,unknown,2021-11-13 10:09:01,,0,天啊，男主是我的菜，憨厚老实土直男类型
12,缸中之脑,unknown,2021-04-22 10:16:37,,0,虽然但是真的没必要一边judge外貌一边义愤填膺
12,未雨绸缪,unknown,2020-10-01 08:08:11,,0,满大人设定不改的话直接滚粗，别来中国捞钱。
12,我真的没睡醒,unknown,2021-09-07 12:23:24,,0,just梁朝伟
12,阳光的触手,unknown,2021-04-20 08:27:59,,0,梁朝伟
12,Jayeor,unknown,2021-11-11 12:17:27,,0,梁朝伟!
12,Lone $tar,unknown,2021-08-31 01:41:29,,0,握草，吗的影帝就是这么糟蹋的？！我竟然想看看梁朝伟演烂片是什么样👏
12,和寂寞一起悬空,unknown,2019-05-14 18:29:38,,0,吴京还是彭于晏？
12,rumblingsilence,unknown,2021-09-18 10:37:21,,0,想看好想看T.T谁陪我一起看呀？
12,野鹤,unknown,2021-08-23 15:38:17,,2,感觉这部电影口碑估计还没迪士尼的花木兰好
12,覗き見がうるさ,unknown,2021-09-04 09:14:47,,0,口碑异常的好
12,百世经伦,unknown,2021-04-20 17:57:32,,1,标记想看纯粹是因为看预告不怎么样所以想看看这部电影到底能拍成啥样。而且预告都出了，连个中文海报都没有
13,Volcano,unknown,2021-09-09 14:57:10,,0,上映一定去支持下
13,今天你提肛了吗,unknown,2021-11-11 22:34:41,,0,“这电影要是能乳华，我也算高看迪士尼一眼”
13,la la la,unknown,2021-03-07 18:13:20,,0,就爱看傻逼互喷
13,暖暖和和,unknown,2021-08-21 21:39:40,,0,提姆伯顿
13,木明君,unknown,2021-12-02 22:20:59,,0,据说是漫威最好看的一部
13,VelvetExpress,unknown,2021-09-16 22:30:42,,4,本来不想看一抵制就想看了
13,河马BBQ,unknown,2021-09-05 14:35:25,,0,就是想看
13,蝌蝌啃蜡,unknown,2021-11-13 13:17:06,,0,？？？？
13,柚酱獭獭,unknown,2021-09-06 10:16:28,,0,Tony的电影我不会错过的！
13,已移除,unknown,2021-06-27 06:29:36,,13,第二个预告一出，被外国室友拉着一起看，然后他们的评价超级统一：为什么男主角的爹妈都好帅好牛逼（原话是gorgeous），但是男主角和他女朋友反而找了这么丑还胖的演员，武打动作也比JackieChan差太多了，而且一点也不像中国人，反而很像韩国人！当时笑喷
13,丧茶丶,unknown,2021-08-24 14:59:14,,0,1
13,jh仔。。。。。,unknown,2019-07-25 12:56:21,,1,这是漫威的电影我会去看，但我不会在电影院看，我不会贡献任何票房的。放心绝对不会真香，某某远征我还没看。
13,梦里的江山,unknown,2021-11-13 18:30:26,,0,18分三十五公交司机手臂编号
13,达西西,unknown,2023-03-05 11:50:33,天津,0,很多神奇的动物
13,kk,unknown,2021-09-26 10:47:32,,0,想看梁朝伟
13,Mr.G,unknown,2021-08-11 23:56:42,,3,这还不接地气？男主都找沙宝亮演了
13,Anubbis,unknown,2021-11-21 14:28:01,,0,还行
13,喜欢汉堡,unknown,2019-07-21 18:16:37,,0,一说上汽我脑子里就是大众我广汽不服一汽不服
13,开平彭于晏,unknown,2019-07-21 18:46:17,,3,并不想看，扑街预定！谢谢！
13,林向晚,unknown,2022-02-02 21:52:48,,0,1
14,Jimbo-boldly,unknown,2021-11-11 19:36:31,,1,怎么有种神龙大侠的感觉！
14,butter,unknown,2020-03-04 10:55:29,,0,！
14,Cucuci,unknown,2019-07-23 19:45:12,,1,看主角的脸就烦，没有看的欲望，不会去电影院看，电脑上可以看一下。
14,白天中的一抹黑,unknown,2020-07-03 18:16:33,,1,华人当反派，没问题，当主角更没问题，但是别人说傻逼是夸你的意思你信吗？
14,ZZL9741,unknown,2021-11-17 17:24:25,,0,真想看看这么恶心的辱华电影，到底这些崇洋媚外的奴才们是怎么打得高分，但是不行我怕瞎掉
14,斯德哥尔摩情人,unknown,2020-12-11 11:12:21,,0,哇哇哇
14,TimeToCharge,unknown,2021-11-11 21:24:16,,0,讲道理想看看拍成啥样了
14,。,unknown,2021-11-13 17:31:24,,0,为啥不让陈建斌演爹哈哈哈
14,大龄腐宅,unknown,2021-04-22 13:15:41,,15,香蕉人的专属电影
14,歌者无敌,unknown,2019-04-18 10:44:51,,0,估计不让上映
14,Avicii,unknown,2019-08-25 09:16:32,,0,hetui
14,知识分子不打架,unknown,2021-09-04 17:28:31,,0,漫威，我又可以了！
14,挪威的咸鱼,unknown,2019-07-21 18:32:28,,1,朋友们，在这里你们可以看到在这片土地上藏着多少吃里扒外的蟑螂和媚洋媚到骨子里的软蛋。
14,checheung,unknown,2021-09-06 18:32:21,,0,TonyLeung
14,大爷,unknown,2021-09-12 10:18:59,,0,就是想看
14,愤怒的芭蕉,unknown,2021-09-06 18:04:04,,0,就感觉雷大头来莫名串戏的样子。。。
14,执迷的🐳,unknown,2021-11-11 20:30:53,,0,当初甄子丹想演尚气你不是眯眯眼你凑什么热闹你得是亚裔男性变性者女同性恋才吃香你这都说出外国月亮不圆了治不了黑命贵还治不了你？其实找汤唯来演尚气拍个，满大人与色戒传奇（狗头）
14,阿卟,unknown,2022-02-01 23:31:08,,0,我想看烂片
14,毒勿,unknown,2019-08-06 00:07:44,,1,好了，宁可以滚了，想讨好我们中国影迷有拿出这个有辱华本质的电影，wdnmd！
14,Muggle chan,unknown,2021-09-08 15:07:20,,0,shock到了，漫威电影出现朝伟哥。
15,Kavi,unknown,2019-07-21 10:54:39,,1,感觉是在看玄幻武侠电影，又像捉妖记，跟漫威宇宙格格不入
15,乡巴佬的征服,unknown,2021-08-11 17:58:33,,1,这能引进吗？
15,清谈Minttu,unknown,2021-10-30 23:40:29,,0,虽然对漫威毫无兴趣但还是升起了亲自鉴赏，亲自评价的念头
15,肉山大魔王,unknown,2019-07-25 10:19:03,,0,女主也太丑了吧，哈哈哈哈只能在想看和看过之间选一个……怎么选不想看啊
15,亮~,unknown,2021-08-22 16:08:47,,0,辱华也能洗？这电影要能上映广电是不是该枪毙？
15,迫降,unknown,2021-09-12 23:14:34,,0,漫威美队系列乳德国，钢铁侠系列乳中东，复联系列乳东欧，惊奇队长系列乳克里人，银护系列乳了索维林，雷神造型暗讽徐锦江，寡姐乳了俄国，黑豹系列讽刺非洲落后，灭霸乳了全宇宙。加油啊尚气，期待高分开局！
15,EthanWine,unknown,2021-04-20 12:27:37,,7,短短一个预告片再次坚定了当初选角时对路人刘思慕的质疑力不从心的武打动作全程失控的表情管理说丑都是客气了Awkwafina的表现让我想到了大明风华的汤唯
15,lbwnb,unknown,2021-07-20 17:13:22,,0,败北的几率还是比成功大的，估计也上映不了多久，与其去电影院还不如等着充会员
15,逃家的狗,unknown,2021-09-06 19:34:01,,0,看一个电影而已，至于吗，乳滑怎么那么容易
15,lou reed,unknown,2019-07-25 21:23:53,,0,相当期待
15,MN,unknown,2019-06-23 17:16:42,,3,漫威这是既让韩国人演，还把丑化中国的傅满洲弄出来了，看来是不想要中国票房了。
15,灯红,unknown,2019-07-28 19:58:17,,1,南柯一梦是什么品种的?
15,滚蛋吧肿瘤君,unknown,2021-09-04 13:31:12,,0,人活着不是迷上梁朝伟就是在被梁朝伟迷住的路上（我已经反复上路n多次了）
15,Gorton,unknown,2018-12-05 13:18:15,,0,先留名嗷
15,红场卫兵,unknown,2019-08-06 20:24:19,,0,呵呵
15,Jorah,unknown,2022-12-06 23:07:31,陕西,0,据说有很多神奇动物！
15,风中追风,unknown,2019-07-23 03:46:03,,9,不是，我以为迪士尼选择刘亦菲作为花木兰的主角他们是懂中国人的审美的，可是选的这尚气的主角是是个啥？原本你漫威从那么多中国英雄里选一个反派是傅满洲就够恶心人了，哪怕你选角好一点是吧，料你漫威电影剧本肯定也得大幅度修改，但是你瞅瞅你选的这个女主角，韩裔在电影里代表的不也是中国人？你这不是故意恶心人这是啥？你这操作简直是漫威粉过滤器，能接受的都是你们的终极舔狗呵呵
15,橘子公路,unknown,2021-09-09 19:53:00,,0,期待一下
15,嘉年华,unknown,2021-09-25 21:36:08,,0,咋不给评分！
15,大帆大,unknown,2021-09-09 17:10:38,,0,啥时候白嫖看一下？某些网友：这碗汤里有屎漫威：没事，煮汤的时候就把屎捞出来了
16,🌀申丶 先 生🌀,unknown,2021-09-08 09:58:57,,0,不知道今年怎么了，一部外国大片都看不到，以前是删减，现在甚至看都不让看了，以后在国内我就不看电影算了，以前在电视剧里看抗日就算了，现在电影院也得看抗日，不是抗日就是医护没说这题材不好，但是有点太多了吧，这不是洗脑么！
16,99ii99,unknown,2021-09-12 06:36:21,,0,到底上不上啊，想看梁朝伟，急
16,Fuck youself,unknown,2019-08-06 21:29:24,,2,希望漫威以后的作品越来越好看，fight!
16,水晶嘎嘎,unknown,2021-10-04 14:22:10,,0,梁——朝——伟———
16,安妮,unknown,2018-12-09 00:35:23,,2,求你们了，赞我、关注我吧
16,哒哒,unknown,2021-11-16 11:25:44,,0,漫威板中国英雄
16,Cloudee,unknown,2019-07-14 16:57:15,,0,这么有争议的角色，恐怕过审都有难度
16,血气方刚,unknown,2022-05-02 04:19:06,,0,冲着Ronny去的
16,外乡人,unknown,2022-04-07 20:42:01,,0,@2019-07-2109:02:58
16,1379,unknown,2021-08-12 09:02:06,,5,中国需要鲁迅
16,G.,unknown,2021-08-20 14:27:54,,0,哈哈哈说实话，好莱坞就这么想碰华人题材吗？如果漫威可以打破这个魔咒，那它真的创造了奇迹。
16,起小白,unknown,2021-11-12 19:46:31,,0,要去哪看呢？
16,HZNRY,unknown,2019-07-21 09:44:53,,1,梁朝伟？
16,正在插入。。。,unknown,2021-09-04 19:28:28,,0,争取网盘
16,阿超正傳,unknown,2019-03-24 07:24:45,,2,選一個韓國佬來演漫威你真是活到頭了
16,edtilts,unknown,2019-07-22 07:17:59,,0,期待。
16,旺达马克西莫夫,unknown,2021-09-04 09:33:59,,0,怎么才能看到呢
16,骆驼丶青梅,unknown,2021-09-27 08:43:22,,0,难道是传说中的洪家铁线拳？
16,豆友195914413,unknown,2021-05-04 07:46:29,,1,我倒想看看有多乳。
16,麦克米兰灬,unknown,2021-09-06 22:07:42,,0,口碑看来不错
17,UNDEROATH_,unknown,2019-07-22 08:26:53,,3,呕
17,鱼,unknown,2019-07-21 12:40:38,,0,伟哥版本的满大人可以的
17,sdspage,unknown,2018-12-12 01:01:48,,0,推荐蔡徐坤
17,烧池朵朵勉,unknown,2021-09-04 11:06:48,,0,听说梁朝伟很帅
17,我学过,unknown,2021-08-25 15:24:11,,3,是不是看完以后就再也不想看漫威了😅
17,蓝蓝的白天Maisi,unknown,2019-07-26 12:27:02,,0,漫威司🐎
17,桃之夭夭,unknown,2022-09-10 11:12:37,上海,0,山海经
17,嘟噜猫,unknown,2020-09-12 11:17:55,,0,我就是想看看花木兰按照大家的意思作为尚气的比较对象如期上映后，你们是觉得花木兰辱华呢还是尚气辱华。还是太早了，要等尚气上映才知道了吧。不过这个巴掌已经拍一半了哈哈哈内心脆弱啊看什么都像在羞辱自己。就像我当着你面吃猪肉，你说我骂你是猪一样。
17,猫咪好天气和你,unknown,2019-07-22 01:19:11,,4,坐等扑gai，选角是不是闹着玩儿的
17,溪云,unknown,2019-06-29 01:37:22,,0,不知道那个时候的我在干嘛
17,丫Sunny,unknown,2022-01-19 17:11:43,,0,NO.25
17,🪝,unknown,2021-05-18 16:10:16,,0,女主太丑，没有看的欲望
17,Sabrina,unknown,2021-11-20 06:02:48,,0,Barryrecommended
17,知知,unknown,2021-09-12 15:25:42,,0,还能不能上映了，我想看梁朝伟😭
17,正经人,unknown,2021-08-04 23:13:24,,3,刻板印象肯定是有的，毕竟是美国电影，连我们自己人对国内的刻板印象都还存在，就不要说什么国外了。期待一波，看一下美国人能塑造出什么样的美国式中国人超级英雄。
17,浪里个浪,unknown,2019-07-21 14:17:13,,1,广电爸爸！给力点，把这破片禁了。人生第一次强烈要求你禁片子啊
17,鬈毛毛,unknown,2018-12-09 13:24:44,,0,牛批傅满洲
17,365,unknown,2021-09-03 10:36:23,,0,定档gkd
17,Lumière,unknown,2019-03-17 10:59:21,,0,哈哈哈哈哈哈会被战狼们喷死的吧
17,游子,unknown,2019-07-21 16:02:21,,2,指望好莱坞排除符合中国审美的东西是不太可能了
18,Tang  Priest,unknown,2021-06-25 08:54:35,,0,上火加丧气
18,滿天神佛攞命舞,unknown,2021-09-05 14:21:59,,1,好想看……老公演漫威
18,🥩。,unknown,2021-09-08 03:27:17,,0,大人，时代变了了！咥屎啦漫威🙄。
18,Aw肉啦,unknown,2021-01-04 23:57:18,,0,伟仔！
18,德鲁伊,unknown,2021-04-20 17:57:48,,1,要扑
18,潘卡西,unknown,2021-11-13 22:50:42,,1,这电影到底啥样呀……我太好奇了
18,アキラ,unknown,2021-09-16 21:13:56,,2,骂这么厉害，反而有点想看了
18,憩泠,unknown,2021-09-13 03:49:33,,0,听说已经上映了，想去看。
18,只有威士忌懂我,unknown,2019-07-21 10:50:37,,0,想去医院割单眼皮and眼尾下垂真的把我吃得死死的，我晕
18,恶人屎尿多,unknown,2021-09-11 00:37:50,,0,梁朝伟刘思慕
18,滚筒洗衣机,unknown,2021-09-04 21:12:33,,0,梁朝伟
18,城市,unknown,2021-08-21 10:47:54,,4,上一个标了想看的就引进了！再奶一把！！！
18,璎珞,unknown,2021-08-06 08:05:06,,0,这是什么神仙剧，我伟仔也要来演漫威电影了吗
18,莱茵山下,unknown,2021-04-04 14:32:54,,1,美式弃“暗”投“明”+华裔投名状
18,欧迪,unknown,2021-11-19 11:03:56,,0,yx
18,未成熟的心,unknown,2019-05-01 12:19:20,,2,哼！反华电影！
18,⍢⃝ 🦒,unknown,2019-07-15 09:21:30,,1,剧情有点搞笑
18,Jamm,unknown,2021-09-12 20:17:30,,0,美国电影
18,朱茵繁楽,unknown,2021-11-06 10:05:23,,0,有小反转咧？
18,Ch3nAini_🚠,unknown,2021-11-13 13:21:09,,0,👂🏻有点子想看了
19,葉之溟,unknown,2021-12-30 19:00:45,,0,改天可以看
19,隐 山,unknown,2021-11-12 22:07:52,,0,徐尚气？？？你干嘛不叫徐福记？？？
19,dbestsloganCVS,unknown,2021-09-09 11:35:58,,0,昨天时报和优兔都在推送宣传......
19,说我笨的人都傻,unknown,2021-11-12 09:33:45,,0,已经都出来了？
19,Enfer,unknown,2021-11-10 23:50:15,,0,众所周知，梁朝伟是男主角
19,석,unknown,2021-09-07 17:47:31,,0,我真的很想看，广电
19,Indigosalley,unknown,2019-07-21 16:18:18,,0,我想要彭于晏。。。。
19,发哥的影迷,unknown,2021-09-06 10:00:33,,0,所以，满大人不是钢铁侠里的主要反派吗，你们为什么不抵制钢铁侠。脑子呢?
19,游乐园,unknown,2021-09-06 00:48:07,,0,据说改掉了漫画的rh情节
19,什米,unknown,2021-09-04 20:32:07,,0,想看……太想看了😭
19,-晓烟-,unknown,2021-11-11 16:50:27,,0,【兴趣不大但既然热门就不妨一看类】
19,taobill,unknown,2021-08-31 16:51:17,,0,好像不会在陆上映耶之前想看来着
19,冷静点,unknown,2021-09-06 07:41:29,,1,只是想看看到底多媚华以及到底有多烂
19,Sab,unknown,2021-08-18 16:50:59,,9,🈶️🈚️漫威粉一起去电影院
19,Momo,unknown,2021-09-05 10:40:06,,0,不关心其他的了，所以是好看不好看？烂片就别用不乳化来推荐好吧。好片……的可能性好像比较小，目前为止没有人说好看特好看，都是不乳化不乳化(T.T)
19,啫啫煲,unknown,2021-09-04 09:53:37,,0,想看梁朝伟
19,黄国滔,unknown,2021-09-02 23:05:21,,0,期待tony
19,皞焜,unknown,2021-07-28 23:37:28,,0,。
19,没名字,unknown,2019-07-21 11:51:02,,6,呕。男主丑还加拿大人，反派搞个中国人。呕
19,Doctor Blind,unknown,2021-11-27 15:55:41,,0,世界上居然还有这样一部电影
20,Rye,unknown,2019-07-21 21:23:37,,0,卧槽，伟仔
20,你真的很努力,unknown,2021-04-20 06:57:13,,0,预告片感觉不咋好看。
20,走猫步的鱼,unknown,2021-12-08 21:03:33,,0,@2021-09-1216:03:56
20,阿布林,unknown,2021-09-09 11:22:48,,0,立刻定档！
20,莲花地,unknown,2021-09-26 20:15:42,,0,我看，都是太闲了，整天看哪里辱华了，哪里又反华了，首先不要说是不是真的辱华，就是真的，你看电影，听音乐，然后你就受影响了，那能说明什么？说明人家辱你是对的，你本身确实存在太多问题，一句话你就受人影响了，还不能说明别人确实比我们更高吗？正确的态度难道不是看人家批评我们的对不对，不对就当笑话，不是整天在说大国自信吗？如果人家批评的对，做不到闻过则喜，最起码可以自嘲一下。现在这种网络环境真是太差了，动不动在家里抵制这个抵制那个，搞笑。思想，观点不碰撞怎么能发现问题？这个世界不能容纳不同声音，还有什么未来？都在猪圈里还洋洋自得，你不跳出思维的圈子怎么能发现自己身在何处？
20,治千钧,unknown,2021-11-12 21:10:14,,0,看了介绍觉着非常棒的片子
20,百特曼,unknown,2021-06-20 13:29:47,,1,上气不接下气。
20,照亮你的前程丶,unknown,2019-07-26 12:44:28,,0,这女主也太丑了罢
20,洛琪洛琪,unknown,2022-01-26 04:33:29,,0,Mysupervisor，friends，andevenmybrotherinlawarerecommendingthismovietome…
20,The Voyager,unknown,2021-11-13 01:33:26,,0,能感受到导演对探索融合中西方元素的努力，但着实够烂的。不要拿西方人的价值观看东方文化，你们还不够格。故事虽然讲清楚了，但故事非常不自然，主角突然变得特别厉害，突然就要弑父了。特效一流，剧情狗屎。女配真是奇葩，从头跟到尾就为了射那一箭。2星。
20,Bois usé,unknown,2021-09-04 01:56:30,,0,明天上映可以吗
20,VIP专座66号,unknown,2023-08-12 22:56:16,北京,0,尚气到底是什么呀，好好奇……
20,鸡汁嘎,unknown,2021-09-03 22:42:18,,0,看到法拉啦！！期待(๑˙ー˙๑)
20,',unknown,2021-05-09 11:34:45,,1,梁朝伟
20,青瓜味薯片好味,unknown,2021-09-10 23:10:00,,1,想看梁朝伟
20,wussnext,unknown,2020-04-05 17:32:46,,0,我们不容许美🐶拍出任何和我们电视上所宣传的样子不同的形象！不容许！！大家一起抵制！
20,神奇动物模拟器,unknown,2019-07-22 13:44:49,,1,漫威的美国蓝本是真实的现代美国，瓦坎达则是幻觉中的中非。直观符号最易输出，而一旦现代文明没有形成可识别的文化特征，就只有向古代寻找资源，而处于表层的形式艺术是最易复制且最安全的。这种生产模式并不只是资本逻辑下的殖民视角或偏见，也是基于最简单的认知逻辑。西方眼中唇盘和长矛，JK女子高生和武士机甲都是这一视角的产物，Shangchi也不例外。日本漫画家所理解的古欧洲多半尚且肤浅愚蠢捉襟见肘，漫威拍异域题材也就权当一乐吧……真实的中国不在功夫而在市井嘛
20,果味炮弹,unknown,2020-12-11 12:06:29,,0,梁朝伟！！！
20,Λύσις(吕兮思),unknown,2019-07-22 00:55:27,,0,梁朝伟！？？！
20,有的放矢,unknown,2021-07-30 23:43:43,,4,又是亚裔眯眯眼呗？
21,expo惹,unknown,2021-04-20 15:20:36,,7,梁朝伟生不出这种长相的男主（个人审美）
21,啦啦噜,unknown,2021-09-05 11:01:36,,0,@2021-09-0511:01:36@2021-12-2121:34:37
21,看见3cm就想笑,unknown,2021-08-31 11:32:28,,0,希望不要有人没看过因为听说辱华就直接来打一星..不过我爱漫威，但更爱祖国。
21,虾卷寿司,unknown,2021-09-04 16:31:39,,0,快来！
21,天秤不可说,unknown,2021-04-25 17:18:28,,0,看男女主的小眼睛分分钟让我以为自己在看韩国电影，预告片的几个画面有点像十面埋伏的场景，等正片上映了再另作评价吧。
21,师爷苏,unknown,2019-07-04 13:10:33,,1,选林路迪靴靴惹🤪
21,林mq,unknown,2020-08-23 01:30:54,,0,奔着梁朝伟去的
21,响当当的猫,unknown,2023-08-07 20:13:29,广东,0,长相和黄桑极其相似
21,Mars,unknown,2019-07-21 21:28:00,,0,为了梁朝伟看
21,西尔莎罗南,unknown,2021-11-11 14:38:35,,0,就想看这个
21,时间制造,unknown,2021-09-08 08:57:49,,0,选角很赞，不像中国的大部分电影主角都是选好看的，鲜嫩的，不给颜值一般的人机会，。本来长得好看的人就少，最起码这种选主角让普通颜值知道大家是平等的，都可以演主角
21,北冥有猪誒,unknown,2021-11-22 11:33:27,,0,反正给我看麻了。这种刻意迎合中国观众，却拍出来及其廉价感的电影，完全可以看出漫威并没有深挖中国文化，浮于表面，满眼望去都是刻板印象，很可笑。
21,Pinkman,unknown,2021-04-19 21:48:22,,0,又一个花木兰的感觉
21,tqin,unknown,2021-08-21 00:08:49,,2,男主还挺性感的，估计很多g会喜欢，但直男直女肯定无感，梁朝伟演反派boss会不会有点尬？
21,Gravitiny,unknown,2021-09-04 19:33:44,,0,1
21,豆友207631724,unknown,2021-09-12 18:59:09,,0,中国魂是吧😅
21,owow,unknown,2021-09-04 19:18:54,,0,真的这么好看吗
21,CROWN-FENG,unknown,2021-07-24 17:50:02,,6,疝气与十环传奇
21,momo,unknown,2021-09-04 10:49:53,,0,听说韩国评论漫威被中国资本控制了，救命哈哈哈哈哈哈
21,$word_Z,unknown,2019-05-08 21:04:25,,0,这个演员选的我也是服气了！！！
22,狐言x乱语Gaia,unknown,2020-03-25 01:33:21,,1,去imbd上看过预告，外貌很像李小龙，剧情大概是推翻了他爹的阴谋，我觉得这个题材有点敏感。看豆瓣的一些争论我也明白了，可能这些刻板印象对于某些人来说不算事，但是对于另外一些人还真是事，他看完了可能还真的会对中国人有什么偏见。
22,椰椰子🌈,unknown,2021-09-04 10:05:58,,0,救命啊梁朝伟也太帅了吧😢帅到我愿意跟长得这么帅的小粉红结婚（拥有与世界对抗的勇气哈哈哈哈哈？？？
22,rediolayman,unknown,2019-07-15 12:14:00,,3,你要是说傅满洲代表美国还好，可惜算了
22,咖啡不放糖,unknown,2021-09-05 11:23:20,,0,想看
22,欣人欣火,unknown,2021-09-24 14:15:28,,0,祝贺
22,我多高尚,unknown,2019-07-21 12:26:00,,2,提前说一句，这部电影我不会看，这是美国人眼中的中国英雄，不是我的。
22,ning,unknown,2021-08-18 00:47:13,,0,山气牛逼！
22,狗撵摩托,unknown,2021-09-14 09:08:17,,0,没友邻标记，不知道该不该看
22,M男,unknown,2021-08-28 12:18:37,,0,国内几号上映啊？
22,勒夏特列,unknown,2021-09-18 16:48:12,,0,电影先不评价，这些评论就nm离谱，人均香港、台湾、国外是么……都是看过还不错、没rh之类的，你们赢了✌️
22,雫,unknown,2019-07-21 10:05:20,,0,我觉得这个世界变了满大人与傅满洲弄弄清楚再逼逼不好么
22,局外人,unknown,2019-07-22 22:20:54,,0,梁朝伟把我的期待值拉满，男女主的选角直接降一半……
22,Stardust,unknown,2021-09-05 12:33:47,,0,gkd
22,小,unknown,2019-05-01 00:27:38,,1,如果编剧不把傅满洲改一下，坚持漫画的剧情，毫无疑问这部电影中国没法上映，我相信漫威没这么蠢，以前的蠢事不会重复做。钢铁侠3用了个满大人都被全网下架，如果把傅满洲整出来，我相信漫威会被中国的网友喷到体无完肤
22,无核桃子,unknown,2021-08-17 02:19:46,,0,恶心！！！！！莫挨大陆！！！！
22,史楚锡流浪记,unknown,2021-12-25 19:55:40,,0,电影中规中矩，不过对中国文化的嫁接已经算是很自然了就是夹带政治私货真的恶心，梁朝伟这么缺钱简直就是丧权辱国了，强烈建议封杀！
22,BeYourRight,unknown,2019-07-21 19:44:05,,0,选角丑爆真是难受
22,二维蚜虫,unknown,2019-09-17 18:32:27,,0,黄祸论
22,望梦,unknown,2021-10-25 09:49:57,,0,梁朝伟真帅啊……
22,chenyang,unknown,2021-09-03 23:47:57,,0,所以看了半天剧照也没找到蒂姆罗斯在哪
23,3年清算,unknown,2021-09-04 16:03:50,,0,看梁朝伟！
23,放课查莉,unknown,2021-09-05 17:54:09,,0,太好奇了
23,junner,unknown,2019-07-22 11:59:27,,1,女主选角充满着傲慢的种族偏见
23,没救了，没救了,unknown,2019-05-10 12:48:21,,0,李易峰是什么鬼。。。
23,Zeppelin,unknown,2021-09-07 00:22:20,,0,Comeon，刘思慕比你众美妆弱幼爱豆帅多了！另，目前美国有比Aquafina更红更好笑更有人缘的亚裔女演员吗？不好看？sorry你裤兜里掏出来的好看女演员，没人认识哦
23,森,unknown,2023-01-06 18:40:58,浙江,0,@2021-10-1018:20:32
23,It's Shawn,unknown,2021-02-14 00:39:19,,0,整部片下来，印象最深刻是一家人在吃饭时，背景音乐在放王菲的明月几时有，啧啧
23,Leo,unknown,2021-05-09 00:33:31,,19,总有些人，别人根本不拿他当回事，他还偏要一边帮人擦屁股，一边扭头痛斥自己人太敏感，玻璃心。有够下贝戋的，这就是漫威脑残粉么。
23,T·H,unknown,2021-10-17 18:44:26,,0,CSrecommendedit
23,佛蓝,unknown,2021-11-11 10:09:52,,0,想笑
23,K-I3HERALD,unknown,2021-09-05 09:40:28,,0,坐等资源
23,小兵,unknown,2022-06-13 12:56:14,,0,黄人英雄
23,性空山,unknown,2021-09-19 17:19:01,,0,有意思想看
23,站队鸡蛋旁,unknown,2021-09-09 06:37:15,,0,期待可以观察一下现在美国人对中国的认知。
23,温和网友,unknown,2021-09-04 12:18:36,,0,想看梁朝伟_(:τ」∠)_
23,阿浩,unknown,2021-11-18 10:58:02,,0,梁朝伟
23,Moonquake,unknown,2021-09-05 09:57:37,,1,想看啊啊啊啊
23,盖,unknown,2021-11-10 22:55:12,,0,两极分化成这样子了吗？大概率不会喜欢，但是也期待着
23,fidovv,unknown,2021-08-24 00:04:18,,2,预告片太🆒
23,啥也想看,unknown,2021-07-08 21:15:31,,0,除非改剧情
24,peipeirrr,unknown,2021-09-17 12:00:55,,0,hmmmm
24,Eunice,unknown,2022-05-02 20:56:50,,0,就想看看到底有多乱哈哈哈
24,Rise,unknown,2021-09-06 14:02:33,,0,有梁朝伟诶！
24,沙白枫子🍑,unknown,2021-08-23 12:56:57,,3,看了预告片第一次希望反派能把正派打倒…
24,indeedeedoo,unknown,2021-09-28 15:28:06,,0,養龍太極拳熊貓王者，想看
24,九三年,unknown,2021-11-13 21:42:50,,0,你们在哪看的啊？正版么？？
24,star-0,unknown,2021-08-21 14:17:55,,1,呵呵
24,小满,unknown,2021-12-11 19:05:20,,0,#watchmas
24,芋圆,unknown,2019-07-27 00:54:22,,1,提前一星预订
24,鱼块,unknown,2022-01-13 12:52:10,,0,喜欢山海经。（虽然不知道是不是很大关联
24,猫哥小A,unknown,2021-04-01 13:46:43,,0,不是，即便选角真有问题也是漫威的问题，那些专门跑去骂演员的是什么鬼，不嫌丢人嚒？基本的礼貌都没有…
24,草莓味退烧片,unknown,2023-10-11 11:56:17,黑龙江,0,因为里面的小动物吸引来的，希望不要太烂
24,胭脂井,unknown,2019-07-26 17:32:24,,0,这就是站着把钱挣了？
24,芮杰瑞,unknown,2022-03-14 19:10:34,,0,未看
24,佐治,unknown,2021-09-07 09:26:34,,1,比较期待，听说特效剧情都不错，但是我想不懂为啥那么多人攻击女主的样貌，可能说真的，国内没有多谢演员能符合漫威的标准吧，国内的花瓶演技不行，漫威也不敢选啊！
24,maybe i love,unknown,2021-11-13 21:16:39,,0,什么时候上映
24,张鱼鱼,unknown,2021-04-21 10:41:32,,0,我没看过，所以不评论好坏
24,绵绵冰,unknown,2021-09-16 14:28:45,,0,居然有陈法拉！
24,偶尔高兴,unknown,2021-11-13 20:06:26,,0,第一遍看了一半没看下去，曾经最爱伟仔，但一脸褶越看越像成龙，故事有点无聊，
24,云淡风轻,unknown,2022-03-23 20:30:20,,0,科幻
25,Lisaaaaa,unknown,2021-09-03 12:05:48,,0,88rising
25,momo,unknown,2021-11-24 12:03:10,,0,挺好奇的
25,"Yours, Miran",unknown,2021-11-11 22:50:27,,0,看看美人
25,可爱的女孩子,unknown,2019-07-17 22:56:55,,2,看看是哪位中国朋友
25,迪仔,unknown,2019-04-07 00:05:52,,0,卧槽，梁朝伟为啥演满大人啊
25,咖喱牛排,unknown,2021-09-06 23:19:09,,0,漫威首部亚裔电影？我倒要看看有多牛逼
25,进击的拜仁,unknown,2019-07-21 16:19:14,,0,卧槽，豆瓣好快
25,哄哄,unknown,2021-11-17 00:10:15,,0,看了一下片段，还不错的样子
25,speranza,unknown,2019-07-21 17:44:24,,1,就。保持混乱中立
25,zhu俊朋,unknown,2021-06-25 23:21:17,,4,不太看好，他们从来不愿意了解中国历史，就是虚构出一个历史，带一个中国的框架，他们只是为了迎合亚洲市场，像花木兰。也不管合不合中国人的胃口
25,只觉得烦,unknown,2021-09-25 01:17:35,,0,还挺想看一下，所以是引进绝无可能吗
25,好学习天天向上,unknown,2021-05-02 14:20:56,,16,噢还觉得男主挺帅的
25,摘一束花,unknown,2021-08-16 16:49:04,,2,感觉会不错
25,小🍑,unknown,2021-09-07 13:33:03,,0,真的很想看。
25,melone,unknown,2023-03-06 14:02:37,山东,0,1
25,水鬼,unknown,2022-10-14 08:06:57,广东,0,因为没看过
25,J.S,unknown,2019-07-21 16:36:09,,0,纯粹是先码了。。。
25,M,unknown,2021-09-06 13:56:15,,2,（这配置，又是摘金奇缘里选嘛...（看似普通的奥法菲娜，居然熬出来了...（有朝伟！尖叫！有Timroth！尖叫！
25,csumathboy,unknown,2021-09-06 13:15:56,,0,希望能上映，好久找不到进电影院的理由了。
25,豆瓣酱的豆,unknown,2021-09-19 08:05:10,,0,请问什么时候能上映，TC排片太恶心了
26,工具人,unknown,2021-09-19 15:11:35,,0,“这部电影乳化了。”“请问哪里乳了呢？”“他们找了一个不符合欧美主流审美标准的亚裔演男主角。”
26,Jae Young,unknown,2021-04-29 09:43:55,,1,在上映之前，对于剧本的猜测都是徒劳的，对于选角一开始来说确实是不能接受但回过头来想想，人们所熟知的香港武侠电影中，大部分的男主的长相不都是现在人们愿意看到的高鼻梁尖下巴大双眼皮，但都充满着男子气概和正义感。但这并不是说就不能选或找不到既五官立体又富有男子气概的演员，猜测也只是猜测，只能说最终看电影下最后的定论。
26,Higurasi,unknown,2021-10-17 16:17:16,,0,给低分就能刷赞上热评啊，DB也是个跪皇帝的玩意，将近一千赞的评论比不过两三百赞的，懂得都懂好吧
26,苦涩如歌,unknown,2019-04-09 13:05:47,,0,片尾曲可以用双截棍
26,汉城钻井工人,unknown,2021-09-03 14:59:50,,0,想看tony。。。
26,桃子郡主,unknown,2022-07-05 13:00:55,,0,想看看到底是不是那么烂
26,馋嘴猫爹,unknown,2019-10-23 14:41:45,,0,傅满洲博士
26,下潜电话亭,unknown,2021-09-13 13:20:35,,0,到底要看看
26,思默,unknown,2021-11-12 14:25:54,,0,谁能想到叶问竟然也学会了洪家铁线拳
26,legend,unknown,2021-09-07 09:57:49,,0,想看
26,想去巴厘岛,unknown,2021-09-04 09:59:45,,0,一整个暑假都没看到一部好看的，赶紧上映
26,璐,unknown,2023-10-14 13:33:05,北京,0,帝江
26,鱼的鲸🐳,unknown,2021-08-19 13:18:23,,0,芜湖，看到评价不错啊
26,一鸣,unknown,2021-10-20 00:49:08,,0,为什么不引进？什么年代了？
26,没有很甜。,unknown,2021-09-10 16:57:06,,0,能不能玩的起给我快点上🤬
26,Straighthot,unknown,2021-11-11 10:51:05,,0,为什么好多人吐槽男猪丑？我还蛮吃他这种颜的耶。单眼皮小眼睛，看着就欲欲的。然后最近对欧洲北美华裔（or东亚裔）有种莫名的sexualfantacy.☺️
26,大雁尼尔斯,unknown,2021-09-09 19:32:16,,0,超级英雄都习惯性失忆吗？记得黑寡妇也要面对过去的自己，还有金刚狼，还有特种部队里的两条眼镜蛇，哦，还有小丑。
26,胡萝卜勺,unknown,2021-03-17 11:11:41,,2,如果你不把元清当做中国的一部分，把他当做成功了的倾略者，就顺畅多了
26,k,unknown,2022-01-14 17:16:43,,0,漫威
26,🧠,unknown,2022-09-11 18:08:02,浙江,0,山海经
27,我是一棵葱,unknown,2021-11-21 10:43:23,,0,Tony梁啊，必看
27,欣如韵,unknown,2021-09-06 20:31:57,,0,纪小城推荐
27,备忘录.,unknown,2021-09-07 04:56:10,,2,🤤🤤🤤嘿嘿嘿嘿梁朝伟梁朝伟
27,Xguy.,unknown,2021-08-29 20:56:36,,3,看完预告感觉有看头父子局的斗争存在培养与继承
27,愿赌服输,unknown,2021-08-30 21:43:38,,0,不知道国内何时上映
27,Zui最东边的树,unknown,2021-08-27 11:40:35,,2,美国电影
27,有心論,unknown,2021-09-04 17:38:36,,0,好想看梁朝伟，但是预告实在提不起我的兴趣。漫威电影我没喜欢的😂
27,ctmd,unknown,2021-08-19 22:10:47,,0,😅😅😅😅😅😅
27,肉包,unknown,2021-10-12 18:48:34,,0,期待
27,🥀,unknown,2021-08-10 01:47:59,,0,好奇
27,who cares,unknown,2021-11-12 16:57:48,,0,可以看看
27,一杯出逃拿铁,unknown,2021-09-05 11:18:20,,2,国内快上映啊！我要看梁朝伟！
27,不是liz,unknown,2021-08-24 19:00:00,,0,为什么海报上梁朝伟的脸比男主角还大
27,无为de过客,unknown,2021-09-06 02:16:47,,0,其实对超英没啥感觉，只为了梁朝伟。
27,soulbrother,unknown,2018-12-14 08:19:28,,0,双节棍不选孙笑川？
27,刚刚好,unknown,2021-09-02 19:46:58,,0,想聊政治的去人民日报环球时报。我们只是想看一部电影而已，不要给他附加那么多的意义！中国电影就是被傻逼粉蛆搞黄的🤬
27,豆友222429737,unknown,2021-09-23 21:49:28,,0,漫威yyds
27,Shin,unknown,2021-12-01 01:00:25,,0,ナナ
27,香香,unknown,2021-08-03 12:33:56,,0,我喜欢的人的分享
27,一只Dolly羊,unknown,2021-09-16 12:54:58,,0,Mark
28,momo,unknown,2021-11-20 17:22:59,,0,改天看看，沙比网友越说辱华我越想看的程度。出品方花了几千万美金专门辱你，不知道是你傻逼还是人家出品方傻逼。不管哪里的nationalist都是沙比，最近中国尤其多。
28,刷牙洗洗睡吧,unknown,2021-09-04 00:13:47,,0,这个海报没啥吸引人的地方。。。。唯一吸引我的是梁朝伟😢
28,梦野久作,unknown,2021-02-02 02:02:00,,2,满大人？这尼玛是傅满洲后代吧梁朝伟是超级英雄。感觉毁三观🙄
28,豆友75585385,unknown,2021-11-30 16:19:03,,0,有意思啊，烂番茄为什么评分很高呢，有空就来看
28,楼上的客,unknown,2021-09-29 16:59:01,,0,日本导演
28,青芒,unknown,2018-12-05 07:49:54,,0,？？？？？
28,巷尚,unknown,2022-07-09 16:48:07,,0,。
28,飞虎,unknown,2021-11-14 08:06:00,,0,百度云4947
28,P_Andrea,unknown,2021-11-12 12:24:59,,0,其实没啥兴趣的。但看到挺多人攻击女主长相，就很想看看gn(生活在白幼瘦审美下的有什么资格说这种话
28,隐姓埋名的透明,unknown,2021-11-12 20:50:41,,0,梁朝伟
28,R!ch €anΚ,unknown,2021-03-13 15:28:50,,6,怎么说呢，今年就上映了，资本主义也只是跟着市场走，尚气这个角色本就是李小龙热潮时创造出来的，傅满洲是辱华盛行时创造的，看市场风向一转漫威就画了个尚气出来蹭热度，资本罢了。
28,苗歧,unknown,2021-11-11 16:18:41,,0,好看，就是他爹死的有点草率了。红毛没有露脸，全程带着面具。可惜了，这么好看的电影，没能在电影院看。
28,大力丸,unknown,2021-09-06 23:39:44,,0,本来没兴趣的...刷到那么多好评...真这么好看？👀
28,刀刀Black,unknown,2021-09-04 12:33:20,,0,让我看梁朝伟！！！
28,momo,unknown,2021-09-05 13:31:22,,0,中国英雄
28,减肥的蜗牛,unknown,2021-08-24 10:56:25,,3,男女主选角恐难讨国人欢心
28,傲气……,unknown,2021-09-07 18:23:26,,0,爆米花电影，不期待剧情，看看特效就得了
28,三十三天之外,unknown,2021-12-13 14:57:02,,0,zyc上课放了
28,小熊●￣￣●,unknown,2021-09-05 14:29:00,,0,要是让彭于晏来演尚气，票房直接炸穿20亿打底
28,奇迹豆豆,unknown,2021-11-12 17:41:27,,0,还是很想看这部没上映的献礼片的哈哈哈哈
29,阿弥陀佛,unknown,2023-10-31 10:33:16,北京,0,梁朝伟
29,箭街少女,unknown,2021-09-07 13:44:39,,0,。。。。评价都好高我震惊了
29,么么小傻子,unknown,2021-08-28 00:07:41,,0,女主角的生活照挺正常的，为啥让他们一包装就这样了。。。
29,LovSouveny,unknown,2021-11-14 13:38:58,,0,很好奇这个时候为什么不找angelababy当女主？冲着漫威的旗号和baby的颜值就算剧情再烂我可能都会去看的但是你找的这个主角实在是……美籍华裔小姐姐不是这种形象的好吧！客观一点行不行！造型师是整丑师吧！这不是故意丑化华裔我真的很难相信……
29,哈哈,unknown,2021-10-20 14:27:41,,0,故事发生在《复仇者联盟4：终局之战》事件之后，尚气（刘思慕饰）卷入秘密的十环帮组织，被迫面对自己隐秘的过去经历。
29,蒙昧,unknown,2021-09-04 00:25:19,,1,大家都在夸里面的梁朝伟，很好奇有魅力到了一种什么程度
29,何夕,unknown,2021-11-14 11:29:55,,0,11.13看完。优点：梁朝伟演技在线，动作戏份还可以，态度表明的还不错，说清楚了满大人这个事情；缺点：男主人物塑造的拉胯，不够具体生动更别提深刻立体了，就救妹妹，怕老爸，打怪物？人物内在的驱动没有；中文台词太没感情了；对中国的固化观念依旧在，各种——名牌大学生去做泊车员？？还有那啥……不说了，这部电影真的，尚气真的以后要加入复联？？哎。今年的漫威……
29,Naiiad,unknown,2022-10-16 22:59:55,湖北,0,我倒要看看营销号天天在发的是什
29,kidway,unknown,2021-04-27 01:12:09,,2,我不是想看这片，而是想说主角选角挑这种在亚洲人都算是小眼睛的角色，实在让人忍不住联想拉眼角歧视动作。
29,尬啾,unknown,2023-01-03 03:29:45,福建,0,想看山海经里的小动物…
29,趣多多🌈,unknown,2021-04-20 12:33:51,,0,说梁朝伟是男主的哥哥都可以！期待值2分
29,[己注销],unknown,2021-10-02 02:41:03,,0,也许就目前来看，华人能有票房号召不是坏事，消费地位决定受重视程度。但毕竟这一IP本身就是移民成为少数族裔被矮化这一历史的产物，人不舒服也正常。其实主要还是拍给华裔看的，不是拍给中国人看的。也许某天美丽国要靠中国讨饭吃的时候，经济基础就决定上层建筑了。
29,Clima,unknown,2020-06-12 12:46:58,,0,满大人
29,離嘘,unknown,2019-07-25 14:13:35,,0,上气不是彭于晏也不是吴彦祖，差评
29,Toshio.,unknown,2022-07-28 20:04:36,,0,没看完
29,夜间飞行的你,unknown,2021-12-01 07:49:58,,0,男主前四大搬砖人，马克
29,飞猫侦探,unknown,2021-10-15 04:06:17,,0,十环这是参考了金钱帮帮主吧。
29,虚拟,unknown,2021-11-20 20:10:04,,0,这部也乳了，这部也得看
29,Jack＆John,unknown,2021-04-21 12:12:17,,0,华裔
29,一颗五羊雪糕,unknown,2021-11-13 10:33:34,,0,陈法拉除了长得好还有啥？
30,Gareth.,unknown,2021-11-14 09:41:20,,0,好奇
30,德安德烈耶,unknown,2023-03-21 09:32:33,山东,0,可能是漫威被舆论影响最大的一部电影？
30,新酱～,unknown,2021-11-12 00:27:36,,0,想看看到底烂到什么程度
30,正在输入......,unknown,2021-09-11 17:24:35,,0,梁朝伟
30,Peacech,unknown,2021-11-11 08:50:54,,0,想看Tony～
30,超人不会飞,unknown,2019-07-21 09:42:16,,0,我就来看梁朝伟。
30,慕瞳,unknown,2021-04-20 08:30:26,,1,漫威
30,xixi,unknown,2021-09-07 12:35:45,,0,伟仔好靓
30,期末发疯ing,unknown,2021-09-08 16:59:18,,0,好想看好想看怎么看得到啊啊啊啊啊啊啊
30,柯南他爸柯基,unknown,2021-09-11 01:45:17,,0,不是，难道你们就一直认为全世界的审美都跟我们中国一样小鲜肉啥的？不要以貌取人好吧，这是对人类的一种侮辱，更别说辱华了……看你们自作多情我真为你们感到可怜又可笑……
30,momo,unknown,2021-11-21 00:26:08,,0,没理由不看
30,坚强优秀小番茄,unknown,2021-11-11 07:43:31,,0,主要是，梁朝伟？！
30,变态木瓜,unknown,2019-07-21 09:57:08,,0,梁朝伟
30,奕哥,unknown,2021-11-14 13:49:54,,0,我只想说陈法拉杨紫琼真美，中国功夫真牛
30,申惟,unknown,2021-09-05 10:55:24,,0,被喷子喷到迷了原来是中文版狠狠拉好感
30,直追,unknown,2021-09-23 08:53:28,,0,中国功夫的元素
30,五木,unknown,2023-10-30 20:11:45,福建,0,梁朝伟
30,不匿名好了,unknown,2021-09-03 19:53:21,,0,说句zz不zq的话，我想看尚气。想知道被曱甴🐸小棒子吗媚中是什么程度的媚中
30,翡沽之兒,unknown,2021-09-04 21:19:00,,0,中国能不能上映啊？！！
30,旺仔刘奶,unknown,2021-11-13 14:01:09,,0,为梁朝伟点赞
