﻿page_no,commenter_alias,comment_star,comment_time,commenter_IP,thumbs,comment_content
1,阿弥陀佛,unknown,2023-10-31 10:33:16,北京,0,梁朝伟
1,草莓味退烧片,unknown,2023-10-11 11:56:17,黑龙江,0,因为里面的小动物吸引来的，希望不要太烂
1,超级马甲,unknown,2023-09-16 05:05:53,上海,0,@2020-10-3005:52:27
1,VIP专座66号,unknown,2023-08-12 22:56:16,北京,0,尚气到底是什么呀，好好奇……
1,WHON大吉,unknown,2023-08-08 14:29:21,浙江,0,想看看亚洲ken的戏了
1,响当当的猫,unknown,2023-08-07 20:13:29,广东,0,长相和黄桑极其相似
1,德安德烈耶,unknown,2023-03-21 09:32:33,山东,0,可能是漫威被舆论影响最大的一部电影？
1,邢sh,unknown,2023-03-20 23:08:55,江苏,0,漫威亚州元素
1,melone,unknown,2023-03-06 14:02:37,山东,0,1
1,达西西,unknown,2023-03-05 11:50:33,天津,0,很多神奇的动物
1,紫婉,unknown,2023-03-04 16:17:12,北京,0,山海经
1,哀歌与衷曲,unknown,2023-02-23 16:44:40,北京,0,是有意识形态战争么？
1,灵芝仙子,unknown,2023-02-22 00:29:05,辽宁,0,美国拍的中国英雄，想看看。
1,森,unknown,2023-01-06 18:40:58,浙江,0,@2021-10-1018:20:32
1,尬啾,unknown,2023-01-03 03:29:45,福建,0,想看山海经里的小动物…
1,Jorah,unknown,2022-12-06 23:07:31,陕西,0,据说有很多神奇动物！
1,Naiiad,unknown,2022-10-16 22:59:55,湖北,0,我倒要看看营销号天天在发的是什
1,🧠,unknown,2022-09-11 18:08:02,浙江,0,山海经
1,桃之夭夭,unknown,2022-09-10 11:12:37,上海,0,山海经
1,陳俊含baby,unknown,2022-09-09 12:52:50,湖南,0,科幻
2,你要吃橘子嘛？,unknown,2022-08-20 01:25:35,广东,0,梁朝伟
2,孙恬恬,unknown,2022-08-08 08:44:32,,0,执拗是种病
2,momo,unknown,2022-07-28 00:37:59,,0,😅原来这电影已经上了啊……
2,小姚的吉姆餐厅,unknown,2022-07-20 21:05:30,,0,怎么这么多友邻看了……
2,逃避可耻但有用,unknown,2022-07-12 17:42:24,,0,听说里面有山海经元素，拍的还挺好看的，想看看
2,丸卅,unknown,2022-06-05 22:29:26,,0,@2021-12-0823:49:15
2,死亡天使蘑菇,unknown,2022-06-03 08:37:20,,0,@2021-09-0306:45:09
2,蒋能杰,unknown,2022-05-05 09:04:39,,0,这片国内没上映没发行吧，还这么多的人看过。
2,Eunice,unknown,2022-05-02 20:56:50,,0,就想看看到底有多乱哈哈哈
2,血气方刚,unknown,2022-05-02 04:19:06,,0,冲着Ronny去的
2,刘嘉莉,unknown,2022-04-11 01:17:29,,0,傅满洲
2,DREAMLAND,unknown,2022-04-04 00:57:51,,0,@2021-09-0411:39:50
2,云淡风轻,unknown,2022-03-23 20:30:20,,0,科幻
2,SAKOREBABE.,unknown,2022-03-06 17:14:15,,0,抖音看到的，觉得还不错哦
2,林向晚,unknown,2022-02-02 21:52:48,,0,1
2,阿卟,unknown,2022-02-01 23:31:08,,0,我想看烂片
2,丫Sunny,unknown,2022-01-19 17:11:43,,0,NO.25
2,k,unknown,2022-01-14 17:16:43,,0,漫威
2,鱼块,unknown,2022-01-13 12:52:10,,0,喜欢山海经。（虽然不知道是不是很大关联
2,葉之溟,unknown,2021-12-30 19:00:45,,0,改天可以看
3,樹,unknown,2021-12-25 16:48:10,,0,pattern/陈法拉
3,福禄,unknown,2021-12-15 13:43:13,,0,确实很丑
3,三十三天之外,unknown,2021-12-13 14:57:02,,0,zyc上课放了
3,太阳小鸟花和我,unknown,2021-12-13 13:15:42,,0,Best2021-PopularIMDB
3,小满,unknown,2021-12-11 19:05:20,,0,#watchmas
3,天门外的回忆,unknown,2021-12-10 00:59:40,,0,6.1_尚气与十环传奇Shang-ChiandtheLegendoftheTenRings(2021)
3,木明君,unknown,2021-12-02 22:20:59,,0,据说是漫威最好看的一部
3,夜间飞行的你,unknown,2021-12-01 07:49:58,,0,男主前四大搬砖人，马克
3,Shin,unknown,2021-12-01 01:00:25,,0,ナナ
3,KayCorleone,unknown,2021-11-28 00:06:57,,0,但是男女主真的好丑啊
3,Doctor Blind,unknown,2021-11-27 15:55:41,,0,世界上居然还有这样一部电影
3,momo,unknown,2021-11-24 12:03:10,,0,挺好奇的
3,好狗灰仔蹦蹦勾,unknown,2021-11-22 21:14:37,,0,虽然不看漫威但（
3,北冥有猪誒,unknown,2021-11-22 11:33:27,,0,反正给我看麻了。这种刻意迎合中国观众，却拍出来及其廉价感的电影，完全可以看出漫威并没有深挖中国文化，浮于表面，满眼望去都是刻板印象，很可笑。
3,依路深,unknown,2021-11-21 18:10:05,,0,一万个好奇是什么个鬼电影
3,Rob,unknown,2021-11-21 12:18:15,,0,博士推荐
3,我是一棵葱,unknown,2021-11-21 10:43:23,,0,Tony梁啊，必看
3,momo,unknown,2021-11-21 00:26:08,,0,没理由不看
3,虚拟,unknown,2021-11-20 20:10:04,,0,这部也乳了，这部也得看
3,momo,unknown,2021-11-20 17:22:59,,0,改天看看，沙比网友越说辱华我越想看的程度。出品方花了几千万美金专门辱你，不知道是你傻逼还是人家出品方傻逼。不管哪里的nationalist都是沙比，最近中国尤其多。
4,Sabrina,unknown,2021-11-20 06:02:48,,0,Barryrecommended
4,欧迪,unknown,2021-11-19 11:03:56,,0,yx
4,子夜奔腾,unknown,2021-11-19 07:58:15,,0,【云12G】
4,阿浩,unknown,2021-11-18 10:58:02,,0,梁朝伟
4,ZZL9741,unknown,2021-11-17 17:24:25,,0,真想看看这么恶心的辱华电影，到底这些崇洋媚外的奴才们是怎么打得高分，但是不行我怕瞎掉
4,哄哄,unknown,2021-11-17 00:10:15,,0,看了一下片段，还不错的样子
4,NaNa,unknown,2021-11-17 00:09:42,,0,？不适
4,哒哒,unknown,2021-11-16 11:25:44,,0,漫威板中国英雄
4,星星,unknown,2021-11-15 10:39:28,,0,想
4,ilrpp,unknown,2021-11-15 06:39:53,,0,看看漫威哪天过气
4,秋水,unknown,2021-11-14 20:39:14,,0,很想看诶
4,奕哥,unknown,2021-11-14 13:49:54,,0,我只想说陈法拉杨紫琼真美，中国功夫真牛
4,LovSouveny,unknown,2021-11-14 13:38:58,,0,很好奇这个时候为什么不找angelababy当女主？冲着漫威的旗号和baby的颜值就算剧情再烂我可能都会去看的但是你找的这个主角实在是……美籍华裔小姐姐不是这种形象的好吧！客观一点行不行！造型师是整丑师吧！这不是故意丑化华裔我真的很难相信……
4,Gareth.,unknown,2021-11-14 09:41:20,,0,好奇
4,飞虎,unknown,2021-11-14 08:06:00,,0,百度云4947
4,潘卡西,unknown,2021-11-13 22:50:42,,1,这电影到底啥样呀……我太好奇了
4,九三年,unknown,2021-11-13 21:42:50,,0,你们在哪看的啊？正版么？？
4,偶尔高兴,unknown,2021-11-13 20:06:26,,0,第一遍看了一半没看下去，曾经最爱伟仔，但一脸褶越看越像成龙，故事有点无聊，
4,。,unknown,2021-11-13 17:31:24,,0,为啥不让陈建斌演爹哈哈哈
4,旺仔刘奶,unknown,2021-11-13 14:01:09,,0,为梁朝伟点赞
5,Ch3nAini_🚠,unknown,2021-11-13 13:21:09,,0,👂🏻有点子想看了
5,蝌蝌啃蜡,unknown,2021-11-13 13:17:06,,0,？？？？
5,一颗五羊雪糕,unknown,2021-11-13 10:33:34,,0,陈法拉除了长得好还有啥？
5,o.o,unknown,2021-11-13 10:07:29,,0,因为差而记住的漫威
5,弥敦道的鹿小姐,unknown,2021-11-13 08:58:22,,0,尚不了就很气
5,史楚锡流浪记,unknown,2021-12-25 19:55:40,,0,电影中规中矩，不过对中国文化的嫁接已经算是很自然了就是夹带政治私货真的恶心，梁朝伟这么缺钱简直就是丧权辱国了，强烈建议封杀！
5,隐 山,unknown,2021-11-12 22:07:52,,0,徐尚气？？？你干嘛不叫徐福记？？？
5,治千钧,unknown,2021-11-12 21:10:14,,0,看了介绍觉着非常棒的片子
5,隐姓埋名的透明,unknown,2021-11-12 20:50:41,,0,梁朝伟
5,奇迹豆豆,unknown,2021-11-12 17:41:27,,0,还是很想看这部没上映的献礼片的哈哈哈哈
5,P_Andrea,unknown,2021-11-12 12:24:59,,0,其实没啥兴趣的。但看到挺多人攻击女主长相，就很想看看gn(生活在白幼瘦审美下的有什么资格说这种话
5,说我笨的人都傻,unknown,2021-11-12 09:33:45,,0,已经都出来了？
5,Danny,unknown,2021-11-12 09:03:08,,0,Henry
5,新酱～,unknown,2021-11-12 00:27:36,,0,想看看到底烂到什么程度
5,"Yours, Miran",unknown,2021-11-11 22:50:27,,0,看看美人
5,今天你提肛了吗,unknown,2021-11-11 22:34:41,,0,“这电影要是能乳华，我也算高看迪士尼一眼”
5,TimeToCharge,unknown,2021-11-11 21:24:16,,0,讲道理想看看拍成啥样了
5,执迷的🐳,unknown,2021-11-11 20:30:53,,0,当初甄子丹想演尚气你不是眯眯眼你凑什么热闹你得是亚裔男性变性者女同性恋才吃香你这都说出外国月亮不圆了治不了黑命贵还治不了你？其实找汤唯来演尚气拍个，满大人与色戒传奇（狗头）
5,-晓烟-,unknown,2021-11-11 16:50:27,,0,【兴趣不大但既然热门就不妨一看类】
5,苗歧,unknown,2021-11-11 16:18:41,,0,好看，就是他爹死的有点草率了。红毛没有露脸，全程带着面具。可惜了，这么好看的电影，没能在电影院看。
6,西尔莎罗南,unknown,2021-11-11 14:38:35,,0,就想看这个
6,Jayeor,unknown,2021-11-11 12:17:27,,0,梁朝伟!
6,Straighthot,unknown,2021-11-11 10:51:05,,0,为什么好多人吐槽男猪丑？我还蛮吃他这种颜的耶。单眼皮小眼睛，看着就欲欲的。然后最近对欧洲北美华裔（or东亚裔）有种莫名的sexualfantacy.☺️
6,佛蓝,unknown,2021-11-11 10:09:52,,0,想笑
6,Peacech,unknown,2021-11-11 08:50:54,,0,想看Tony～
6,坚强优秀小番茄,unknown,2021-11-11 07:43:31,,0,主要是，梁朝伟？！
6,Enfer,unknown,2021-11-10 23:50:15,,0,众所周知，梁朝伟是男主角
6,盖,unknown,2021-11-10 22:55:12,,0,两极分化成这样子了吗？大概率不会喜欢，但是也期待着
6,天舒老师,unknown,2021-11-10 20:53:51,,0,男主实在是太丑了还在犹豫要不要看
6,Dimmer,unknown,2021-11-08 18:57:41,,0,不知道国内有无机会上映
6,朱茵繁楽,unknown,2021-11-06 10:05:23,,0,有小反转咧？
6,清谈Minttu,unknown,2021-10-30 23:40:29,,0,虽然对漫威毫无兴趣但还是升起了亲自鉴赏，亲自评价的念头
6,望梦,unknown,2021-10-25 09:49:57,,0,梁朝伟真帅啊……
6,NEO,unknown,2021-10-24 19:18:21,,0,开始看了一些资源截图我以为是恶搞电影。随便翻看了环子还行，但是人物没太多兴趣都太老了，尤其是紫琼。。。形象和语音都不喜欢。
6,皮皮,unknown,2021-10-22 10:58:21,,0,@2022-06-0712:09:11
6,哈哈,unknown,2021-10-20 14:27:41,,0,故事发生在《复仇者联盟4：终局之战》事件之后，尚气（刘思慕饰）卷入秘密的十环帮组织，被迫面对自己隐秘的过去经历。
6,一鸣,unknown,2021-10-20 00:49:08,,0,为什么不引进？什么年代了？
6,T·H,unknown,2021-10-17 18:44:26,,0,CSrecommendedit
6,Higurasi,unknown,2021-10-17 16:17:16,,0,给低分就能刷赞上热评啊，DB也是个跪皇帝的玩意，将近一千赞的评论比不过两三百赞的，懂得都懂好吧
6,肉包,unknown,2021-10-12 18:48:34,,0,期待
7,けんちゃん,unknown,2021-10-10 22:13:58,,0,20211010ssb
7,以然,unknown,2021-10-10 12:42:06,,0,？
7,水晶嘎嘎,unknown,2021-10-04 14:22:10,,0,梁——朝——伟———
7,[己注销],unknown,2021-10-02 02:41:03,,0,也许就目前来看，华人能有票房号召不是坏事，消费地位决定受重视程度。但毕竟这一IP本身就是移民成为少数族裔被矮化这一历史的产物，人不舒服也正常。其实主要还是拍给华裔看的，不是拍给中国人看的。也许某天美丽国要靠中国讨饭吃的时候，经济基础就决定上层建筑了。
7,indeedeedoo,unknown,2021-09-28 15:28:06,,0,養龍太極拳熊貓王者，想看
7,骆驼丶青梅,unknown,2021-09-27 08:43:22,,0,难道是传说中的洪家铁线拳？
7,kk,unknown,2021-09-26 10:47:32,,0,想看梁朝伟
7,嘉年华,unknown,2021-09-25 21:36:08,,0,咋不给评分！
7,欣人欣火,unknown,2021-09-24 14:15:28,,0,祝贺
7,豆友222429737,unknown,2021-09-23 21:49:28,,0,漫威yyds
7,直追,unknown,2021-09-23 08:53:28,,0,中国功夫的元素
7,看冇老生,unknown,2021-09-23 03:03:41,,0,A
7,性空山,unknown,2021-09-19 17:19:01,,0,有意思想看
7,工具人,unknown,2021-09-19 15:11:35,,0,“这部电影乳化了。”“请问哪里乳了呢？”“他们找了一个不符合欧美主流审美标准的亚裔演男主角。”
7,Pavia,unknown,2021-09-18 10:53:43,,0,预告太酷了，这周必看
7,peipeirrr,unknown,2021-09-17 12:00:55,,0,hmmmm
7,VelvetExpress,unknown,2021-09-16 22:30:42,,4,本来不想看一抵制就想看了
7,アキラ,unknown,2021-09-16 21:13:56,,2,骂这么厉害，反而有点想看了
7,绵绵冰,unknown,2021-09-16 14:28:45,,0,居然有陈法拉！
7,星见月,unknown,2021-09-15 12:11:11,,0,知己知彼
8,狗撵摩托,unknown,2021-09-14 09:08:17,,0,没友邻标记，不知道该不该看
8,下潜电话亭,unknown,2021-09-13 13:20:35,,0,到底要看看
8,憩泠,unknown,2021-09-13 03:49:33,,0,听说已经上映了，想去看。
8,迫降,unknown,2021-09-12 23:14:34,,0,漫威美队系列乳德国，钢铁侠系列乳中东，复联系列乳东欧，惊奇队长系列乳克里人，银护系列乳了索维林，雷神造型暗讽徐锦江，寡姐乳了俄国，黑豹系列讽刺非洲落后，灭霸乳了全宇宙。加油啊尚气，期待高分开局！
8,豆友207631724,unknown,2021-09-12 18:59:09,,0,中国魂是吧😅
8,知知,unknown,2021-09-12 15:25:42,,0,还能不能上映了，我想看梁朝伟😭
8,99ii99,unknown,2021-09-12 06:36:21,,0,到底上不上啊，想看梁朝伟，急
8,柯南他爸柯基,unknown,2021-09-11 01:45:17,,0,不是，难道你们就一直认为全世界的审美都跟我们中国一样小鲜肉啥的？不要以貌取人好吧，这是对人类的一种侮辱，更别说辱华了……看你们自作多情我真为你们感到可怜又可笑……
8,恶人屎尿多,unknown,2021-09-11 00:37:50,,0,梁朝伟刘思慕
8,青瓜味薯片好味,unknown,2021-09-10 23:10:00,,1,想看梁朝伟
8,没有很甜。,unknown,2021-09-10 16:57:06,,0,能不能玩的起给我快点上🤬
8,愿我不拯救世界,unknown,2021-09-10 07:53:56,,0,爱国不是囫囵吞枣我也实在不知道以攻击男女主长相来抵制电影表示爱国会是一件理性的事情
8,Jimbo-boldly,unknown,2021-11-11 19:36:31,,1,怎么有种神龙大侠的感觉！
8,橘子公路,unknown,2021-09-09 19:53:00,,0,期待一下
8,大雁尼尔斯,unknown,2021-09-09 19:32:16,,0,超级英雄都习惯性失忆吗？记得黑寡妇也要面对过去的自己，还有金刚狼，还有特种部队里的两条眼镜蛇，哦，还有小丑。
8,Volcano,unknown,2021-09-09 14:57:10,,0,上映一定去支持下
8,dbestsloganCVS,unknown,2021-09-09 11:35:58,,0,昨天时报和优兔都在推送宣传......
8,期末发疯ing,unknown,2021-09-08 16:59:18,,0,好想看好想看怎么看得到啊啊啊啊啊啊啊
8,Muggle chan,unknown,2021-09-08 15:07:20,,0,shock到了，漫威电影出现朝伟哥。
8,🌀申丶 先 生🌀,unknown,2021-09-08 09:58:57,,0,不知道今年怎么了，一部外国大片都看不到，以前是删减，现在甚至看都不让看了，以后在国内我就不看电影算了，以前在电视剧里看抗日就算了，现在电影院也得看抗日，不是抗日就是医护没说这题材不好，但是有点太多了吧，这不是洗脑么！
9,时间制造,unknown,2021-09-08 08:57:49,,0,选角很赞，不像中国的大部分电影主角都是选好看的，鲜嫩的，不给颜值一般的人机会，。本来长得好看的人就少，最起码这种选主角让普通颜值知道大家是平等的，都可以演主角
9,JOSELEE,unknown,2021-09-08 04:25:55,,0,你比五环多五环。
9,🥩。,unknown,2021-09-08 03:27:17,,0,大人，时代变了了！咥屎啦漫威🙄。
9,傲气……,unknown,2021-09-07 18:23:26,,0,爆米花电影，不期待剧情，看看特效就得了
9,석,unknown,2021-09-07 17:47:31,,0,我真的很想看，广电
9,StAn,unknown,2021-11-11 21:43:09,,0,伟仔讲普通话仲拗口过讲英格力士我唔要你死啊！唔好啊！点解要咁！！！在对陈法拉、梁朝伟和awkard-fina滤镜开到最大的前提下……这真是我最喜欢的漫威之一了……
9,箭街少女,unknown,2021-09-07 13:44:39,,0,。。。。评价都好高我震惊了
9,小🍑,unknown,2021-09-07 13:33:03,,0,真的很想看。
9,xixi,unknown,2021-09-07 12:35:45,,0,伟仔好靓
9,我真的没睡醒,unknown,2021-09-07 12:23:24,,0,just梁朝伟
9,逆行,unknown,2021-09-07 10:58:43,,0,梁朝伟
9,legend,unknown,2021-09-07 09:57:49,,0,想看
9,佐治,unknown,2021-09-07 09:26:34,,1,比较期待，听说特效剧情都不错，但是我想不懂为啥那么多人攻击女主的样貌，可能说真的，国内没有多谢演员能符合漫威的标准吧，国内的花瓶演技不行，漫威也不敢选啊！
9,备忘录.,unknown,2021-09-07 04:56:10,,2,🤤🤤🤤嘿嘿嘿嘿梁朝伟梁朝伟
9,大力丸,unknown,2021-09-06 23:39:44,,0,本来没兴趣的...刷到那么多好评...真这么好看？👀
9,咖喱牛排,unknown,2021-09-06 23:19:09,,0,漫威首部亚裔电影？我倒要看看有多牛逼
9,麦克米兰灬,unknown,2021-09-06 22:07:42,,0,口碑看来不错
9,欣如韵,unknown,2021-09-06 20:31:57,,0,纪小城推荐
9,逃家的狗,unknown,2021-09-06 19:34:01,,0,看一个电影而已，至于吗，乳滑怎么那么容易
9,checheung,unknown,2021-09-06 18:32:21,,0,TonyLeung
10,愤怒的芭蕉,unknown,2021-09-06 18:04:04,,0,就感觉雷大头来莫名串戏的样子。。。
10,江湖小将打领带,unknown,2021-09-06 17:13:43,,0,想看看到底怎么样，就是说在那方面。另外想看看梁朝伟到底多帅
10,Rise,unknown,2021-09-06 14:02:33,,0,有梁朝伟诶！
10,M,unknown,2021-09-06 13:56:15,,2,（这配置，又是摘金奇缘里选嘛...（看似普通的奥法菲娜，居然熬出来了...（有朝伟！尖叫！有Timroth！尖叫！
10,csumathboy,unknown,2021-09-06 13:15:56,,0,希望能上映，好久找不到进电影院的理由了。
10,二十世紀梨,unknown,2021-09-06 11:34:57,,0,这不就哈姆雷特
10,楚酱,unknown,2021-09-06 10:32:04,,0,我想睇梁朝伟
10,张库岑,unknown,2021-11-11 23:04:53,,0,0906-黑红也是红希望内地能够上映1111-也太荒谬了吧为什么陈Gamma不来演这部
10,柚酱獭獭,unknown,2021-09-06 10:16:28,,0,Tony的电影我不会错过的！
10,冷静点,unknown,2021-09-06 07:41:29,,1,只是想看看到底多媚华以及到底有多烂
10,无为de过客,unknown,2021-09-06 02:16:47,,0,其实对超英没啥感觉，只为了梁朝伟。
10,游乐园,unknown,2021-09-06 00:48:07,,0,据说改掉了漫画的rh情节
10,放课查莉,unknown,2021-09-05 17:54:09,,0,太好奇了
10,滨田朝光,unknown,2021-09-05 16:52:32,,0,好想看
10,程莎莎Abigail,unknown,2021-09-05 15:19:31,,0,起码中文能说的正常点！漫威也进步了，木哈哈哈
10,滿天神佛攞命舞,unknown,2021-09-05 14:21:59,,1,好想看……老公演漫威
10,momo,unknown,2021-09-05 13:31:22,,0,中国英雄
10,懒羊羊,unknown,2021-09-05 12:37:53,,0,看一部美国主流电影，听着大段大段的中文，旁边的美国人却要看字幕，真的是很神奇的体验哈哈哈
10,Stardust,unknown,2021-09-05 12:33:47,,0,gkd
10,咖啡不放糖,unknown,2021-09-05 11:23:20,,0,想看
