﻿page_no,commenter_alias,comment_star,comment_time,commenter_IP,thumbs,comment_content
1,豆友Chnmpl8MD0,4,2023-12-09 01:00:25,内蒙古,0,。
1,Vivian,3,2023-11-03 05:39:33,广东,2,要不是梁朝伟和杨紫琼。。。
1,realllisaaa-,4,2023-11-02 20:44:23,上海,2,驯龙高手！每个中国人都会功夫真的
1,豆友4qo3hf5Z-0,5,2023-11-02 19:30:58,江苏,6,我觉得挺好主角不够帅
1,get麦瑞,4,2023-11-01 14:26:24,四川,7,我觉得还可以哈哈哈，至少反映了一些普通程度的亚裔比如东南亚移民，蒙古，中国本土等等。只是不上流但也称不上丑化。音乐不是很喜欢不够亚，环境有点赛博朋克意思霓虹闪烁的脏乱小巷damn！不就是很多菜市场夜市之类的环境吗，这底层人民谁不熟悉
1,G調奢華' ,2,2023-10-31 21:48:59,贵州,1,为了几个神兽，硬着头皮看了两小时
1,一句话,3,2023-10-31 18:02:35,四川,0,感觉还是中国人对付中国人
1,走丢的番茄,5,2023-10-31 13:17:27,北京,9,本来只想给四星，但看到评论区一边倒的喷男女主的长相，就完全无法理解了，喷演技可以，喷长相是为何？长得丑的再努力都不配演女主？能力再强都不配火、不配活着咯？？？那我看这世界得死80%以上的普通人，灭霸都比喷子仁慈，好歹无差别噶一半。anyway，你喷你开心，我满五星我高兴！都别来沾边～
1,平克,2,2023-10-31 11:05:33,四川,1,剧情真的尬得不要不要的！
1,卡拉迪瓦伊伊子,5,2023-10-30 20:43:48,广东,1,梁朝伟🥺😚
1,鹿柴na,3,2023-10-30 00:07:05,广东,0,我是来看梁朝伟的
1,onceupon的天际,2,2023-10-29 16:50:00,广东,4,导演找梁朝伟演反派，梁朝伟接过剧本一看，这不是反派啊，根本就是一个深情执着的角色。这么多年来梁朝伟一直拒绝饰演父亲的角色，是因为童年阴影，但在这部片中破例当爸，塑造出一个有深层次、有血肉的人物，可以说他的演出是拉高了这部戏的整体水平，可惜全片看下来没有一个人能和他对戏不落下风。梁朝伟对文武的解读：“这个角色从小就是没自尊地长大，被父亲看不起，后来有了超能力之后，以为拥有权力就代表有自尊，但太过度的自尊使他变成自恋狂，不听别人说话、迁怒于人，这是一种反社会人格，所以才会变成超级反派。我觉得他更是一位失败的父亲，他想要爱他的孩子，但他不知道怎么去爱，他甚至不知道怎么爱自己。”PS：梁朝伟加陈法拉怎么可能生出刘思慕这样的孩子啊，选角导演你去死吧。
1,兰亭,2,2023-10-29 04:13:51,浙江,0,完全就是肥皂网剧级别的剧情，chat写的?人物塑造，情感描绘生硬得要死，特效也很一般，究极无聊，这还拍两小时，太会浪费大家生命了。
1,BANG.,3,2023-10-28 21:33:08,安徽,0,女主不好看就不说了，还特别聒噪烦人
1,Marno,2,2023-10-28 21:21:59,江苏,0,什么叫不懂装懂
1,小然看云歌,1,2023-10-28 21:15:26,辽宁,5,不懂那些脑子不行的为什么要在纠结演员如何如何，这就是一部烂片，不管谁来了都救不了好吗？这个烂跟黑豹的烂是一脉相承的，就是在21世纪了，吹最大的牛逼但是用着最原始的招数。黑豹看着那群跟猴子刚下树一样的东西在跳，中国人还不觉得很离谱。但是当背景变成华语的时候，这种怪异感就出来了……反派团队的脑子真的是在电影院能笑场的程度…
1,安渴吴,3,2023-10-28 19:39:16,云南,1,justsoso
1,危机幼稚症,3,2023-10-28 14:46:45,福建,3,挺好看呀，中国元素很多，又是武术又是太极又是龙，特效也很炫酷。骑龙大战怪兽虽然离谱但是也看得挺过瘾，就是梁朝伟那角色死的也太轻易了吧，合着他就全靠那是个环，没了就是个手无缚鸡之力的普通人是吧
1,果果可可,1,2023-10-28 05:23:05,广东,2,瞎搞，全是华人的刻板印象
1,金名,3,2023-10-26 23:13:55,山东,0,很漫威
2,鄙人武,4,2023-10-25 23:19:41,山西,0,电影就那，歌好听
2,打不过就交易吧,3,2023-10-25 18:31:46,重庆,0,抛开各种滤镜，电影是及格的，但尚气这个英雄的塑造是没特色的
2,周东初,4,2023-10-25 15:15:53,河南,4,挺好看的，漫威第四阶段略精良的一部作品。评分怎么那么低？全片娱乐元素很浓，而且有大段的中文对白。梁朝伟太帅了。片子特效不错，最后集结一块打怪兽挺有意思
2,颜颜,2,2023-10-24 19:41:42,北京,1,好难看，跟黑豹一样难看。
2,肯才特,1,2023-10-24 16:43:20,浙江,1,太差了
2,已被隙间,4,2023-10-24 15:44:15,北京,0,2021
2,第三名的队长,4,2023-10-23 15:58:13,墨西哥,0,在飛機上看的，挺喜歡男主的
2,冬去春来龙凤呈,3,2023-10-23 01:06:32,广东,0,6.2
2,青春幻象合成器,2,2023-10-23 00:06:08,北京,0,如果这就是typical的超英电影难怪我不喜欢看超英电影，如果不是为了做研究可能这辈子都不会看这么无聊的电影、、其余多的还是留在作业里说吧
2,過菏卒子,1,2023-10-23 00:04:49,浙江,3,哇我们中国人有自己的超级英雄了，尚气:“我是美国人跟你们有毛关系”
2,Katherine,3,2023-10-22 23:01:51,江苏,0,冲着灵兽来的，剧情一般
2,花木コイ,3,2023-10-22 19:30:43,上海,1,打戏确实不错但是剧情进展缓慢过于催眠开始像是一部ABC家庭伦理片到了塔罗变成神奇动物在哪里最后发现boss是克苏鲁……L&S269
2,Teddy饭,3,2023-10-22 09:58:44,江苏,0,好莱坞所理解的中国文化，父子情仇，血债血偿，一堆所谓中国元素堆砌出来的大杂烩
2,大雨时行,4,2023-10-21 21:23:19,河南,0,十环真帅呀😍
2,iUp,3,2023-10-21 20:41:39,辽宁,0,就想知道是不是亲生的，父母的基因没有合理继承啊，十环到底是哪来的？大怪和变异族是不是太像了
2,骐骥,3,2023-10-21 13:34:43,辽宁,0,这电影就是看一乐，编一个中国的故事传播的还是美国的价值观。
2,orvr.electronic,5,2023-10-21 12:47:38,内蒙古,1,十戒太太太太帅了
2,网友小枫,3,2023-10-21 12:26:53,中国香港,1,蛮精彩的诶
2,味素,2,2023-10-21 01:31:42,浙江,1,洋不洋中不中的
2,Kristin .,4,2023-10-21 00:21:42,广东,0,其实还行啊
3,江知,2,2023-10-20 17:18:31,河北,0,妹妹挺可爱的，剧情好老好无聊……特效做的跟闹着玩一样……尚气和他爹妈确实长得没啥关系……有点无聊……
3,七爷,3,2023-10-20 15:06:27,北京,0,依然是外国人眼中的中国系列老套路，个人不喜欢，但在漫威第四阶段算得上勉强能看的
3,7to0,3,2023-10-20 14:44:38,上海,1,终于理解唐尼说演超级英雄会丢失演技这回事了，幸好梁朝伟只演一部
3,风飘O0o。.~,3,2023-10-20 10:20:23,广东,0,就很套路的超级英雄电影，但里面有很多中国的元素，还是挺养眼的。不懂网上吵的，就事论事也做不到了？那十环的威力没发挥多少，希望能有后续吧，因为感觉它上限好高。
3,苍耳子散,3,2023-10-19 22:51:14,山西,0,乱炖不是中国风不知道在干什么的电影
3,JoericaChan,3,2023-10-19 22:28:30,辽宁,0,即使主角不是刘思慕和奥卡菲娜，这片也不会更高了，剧情硬伤不是脸可以拯救的程度。尚气15岁突然的叛逃，十环帮莫名其妙的倒戈，女主在毫无基础的情况下精通箭艺…要不是最后加州旅馆ktv有点意思，6分都难搞
3,Fbaobao,3,2023-10-19 08:58:43,上海,1,的确是奇幻片，还有很多刻板印象，或者说人家对英雄的定义更加宽泛，但挡不住梁朝伟帅啊！
3,becshark,3,2023-10-19 01:56:25,广东,1,西方世界眼里的中国文化真的蛮不伦不类的，而且感觉剧里男主和妹妹应该是荷兰弟这种年龄但是找了个吴京来演
3,路边偶遇,3,2023-10-18 23:15:32,北京,0,看到一个说法，说梁朝伟于白兰度的造诣，只差一个类似于教父的老年角色，因为他已经拥有经典的青年和中年男性角色。希望尚气还能出点儿续集吧，这年头没什么文艺片给老年人，能塑造一个老反派也不错。
3,圣杯九,2,2023-10-18 14:32:59,四川,0,梁朝伟和画面格格不入，每次出场都像是拍洗发水广告的成龙……奇怪的打光、塑料感的风景、旅游古镇一般的村庄……不过，中国龙是最帅的！
3,Hanabi,2,2023-10-18 11:59:49,广东,0,把它看作是伟仔传奇的话，还是挺好看的。梁朝伟实在是太帅了，每个镜头里的每个眼神都好有戏。人物非常饱满，痴情的反派，出门买个菜回来老婆就被杀了，这样都不重操旧业的话，那就真的说不过去了。好久没见的陈法拉，气质还是那么美，耍太极部分超好看。成家班的动作戏就是好看，公交车那段实在是太成龙了。至于男主…人物履历过于单薄，剧本有bug，文戏的演技不太可【毕竟大部分的戏份都是和伟仔对戏…西方老套的父子敌对关系并寻找自我，但套用在东方文化里就很怪异🙉
3,say so,3,2023-10-18 10:36:09,黑龙江,0,傅满洲没有标志性的胡子扣十分，要么就坚持，要么就放弃，既要又要，只能都不落好
3,火车啦啦,4,2023-10-18 00:53:11,湖南,3,倍速看完，有些地方正常速度。然后除了这个剧情和选角有点不讲道理之外，特效吊炸天。不过这种片子，不就是冲着特效去的吗？问题不大
3,白猫伏柳睡,2,2023-10-17 15:14:46,河南,1,无话可说
3,嘿嘿嘿～,4,2023-10-17 09:51:38,美国,0,故事还行，但是这个中国元素总感觉怪怪的。尚气这个名字就很奇怪，男主说什么血债血偿，也不懂他想杀了他爹给谁报仇。主要扣分是除了梁朝伟的男女主女二都太丑了！！！
3,铃兰棕,3,2023-10-15 21:26:34,重庆,0,开头的打斗真好看，到老父亲把儿女带回去后，父亲讲故事小姨讲故事，再搭配熟烂了的神话环节…….生生给我看腻歪了
3,Dream253,3,2023-10-15 17:28:44,山西,0,很漫威套路的片子被反派打-组成联盟打反派-胜利但是有些地方真的让我无力吐槽，父亲被骗要去救他的妻子，但是他与男主对峙时，男主就是不告诉他，硬生生让他打开封印，死了一堆人。真的是一点都不合理，你告诉他能怎么样？你和他讲道理能怎么样？无语住了
3,哈哈哈哈哈,3,2023-10-15 03:55:00,中国香港,0,咱就是说。。这个翻译？？说话时而普通话时而英语？不要再让abc讲中国文化了求求
3,张脑三,3,2023-10-14 21:53:20,上海,0,看电影前：不能歧视自己同胞，看完电影：刘思慕这么普男，怎么当上主角的……
3,小汤汤,2,2023-10-14 19:18:05,四川,0,啥玩意儿啊，进来看山海经的，结果就这么一点点。剧情稀碎
4,6.,3,2023-10-14 17:56:47,辽宁,0,梁朝伟真帅他只是想找他媳妇他有什么错！
4,来都来了,4,2023-10-14 17:14:23,广东,0,这分数有点低啊，7.0➕可以的。刘思慕在《芭比》里更帅一点，那段公车动作戏紧张又刺激，配乐不要到位，刘思慕打的可太帅了，一字马劈得可以😌，朋友搞笑又够义气。梁朝伟的电👀依然魅力十足，妹妹在结尾彩蛋里眼神可太酷了。东方山水、世外桃源蛮有几分神韵，神兽、麒麟、龙河九尾狐的设计太棒了，感觉跟真的一样，比国产影视设计好多了。
4,Somedieyoung,2,2023-10-14 13:07:40,山东,0,最好看的是梁朝伟和杨紫琼
4,生生长流,2,2023-10-12 22:05:46,江苏,0,………………
4,asarail,3,2023-10-12 17:02:37,福建,0,东方化的父亲和西方化的儿子令人感觉很割裂，除此之外是很样板的超英片，梁朝伟演技吊打男主三条街，动作戏是mcu最佳没有之一，除去刻板印象和似辱非辱部分说实在我感觉比蜘蛛侠英雄无归好看😂😂
4,飞沙,2,2023-10-12 15:40:49,上海,0,故事实在太拉垮，还好龙长的还比较东方。
4,對於暱稱沒想法,4,2023-10-12 03:59:18,瑞典,0,這麼大規模的東方元素加入漫威宇宙也太有趣了！
4,抽象之众,3,2023-10-11 23:45:29,马来西亚,0,本来给五星的，为什么要把女生的电脑抢过来割成两半，明明可以躲开的，本留学生天天赶论文真的忍不了呜呜🥹再扣一星是因为男主不是彭于晏呜呜。
4,KK（bk租号s）,3,2023-10-11 14:24:28,浙江,0,不知道要讲啥，一场毫无意义的所谓战争！如果是爱，就该爱她的一切，而不是去跟她的村庄打一场丈。不是抖音刷到那没脸的萌宠我才没眼看这种没脑子的电影
4,翡冷翠°,4,2023-10-11 00:47:31,北京,0,其实比想象中的要有诚意得多
4,雕花的茶,3,2023-10-10 14:16:50,江苏,0,竟然觉得这是漫威第四阶段最好看的片子了，至少打戏很精彩。头十分钟震惊于标普的梁朝伟的爱情故事，也只是觉得有点雷，女主上场之后就只想吐了。怎么这么丑啊龇牙咧嘴的都影响观感了。
4,诸葛亮很忙,4,2023-10-10 09:03:56,江苏,0,抛开偏见剧情挺流畅
4,20211015,3,2023-10-10 00:00:02,湖南,0,怎么是国语版吗啊啊啊啊梁朝伟帅的感觉有点无聊一见钟情这么老套的剧情啊啊等你领悟了神龙之心你就可以打败你爸了（狗头）怎么看尚气都不像梁朝伟和陈法拉生的我还以为乱入速激了这是喜剧片吗哈哈哈哈哈14岁还蛮帅的好喜欢凯蒂哈哈哈哈哈好搞笑王怎么在这所以梁朝伟是满大人吗噢噢噢杨紫琼认真的吗哈哈哈哈哈这像陈法拉吗莫里斯好可爱他这衣服怎么只有上半身哈哈哈哈其实文武只是爱妻爱的无法自拔哎这十环怎么这么牛男主有点。。。妈死了看着爸死了也看着所有人都喜欢光看着不动我服了。。要和博士联动吗他妹最后咋啦
4,林爻大手,2,2023-10-09 22:32:54,山西,0,人物动机实在难以理解，剧情拉垮，逻辑混乱。还有我从没意识到演员的颜值能够这么大程度上影响观感。除了熟知的那几个演员之外别的包括主演都好像是大街拉来的路人演的，这就算了，尤其是那个凯蒂，不仅是长得丑那个面相还讨人厌，整个人就好像是猥琐女变态。我真好奇这么奇葩的演员在哪找的，看得我膈应
4,讨厌明天,2,2023-10-09 16:32:42,湖北,0,梁朝伟比主角更有魅力，结局太草率
4,北南,1,2023-10-09 10:57:49,山西,1,垃圾，浪费我两个小时
4,XX,2,2023-10-09 03:45:12,广东,0,我分成三四天看完的。。因为实在是没有一直往下看的兴趣。。。两颗星一个给梁朝伟一个给杨紫琼，另外三个年轻人选角太失败。
4,世间暮色四合,3,2023-10-08 21:58:54,广东,0,真还可以吧，能看见梁朝伟和杨紫琼演超英电影，新奇的感受
4,🐼nice,3,2023-10-08 20:23:26,广东,0,三颗星给梁朝伟吧
4,社恐的鱼,5,2023-10-08 19:39:16,江苏,0,个人觉得不错
5,无聊的黑橘子,3,2023-10-08 14:18:41,新疆,0,还行啊，咋没看到上映啊
5,Lucia&amor,2,2023-10-08 00:24:05,西班牙,0,为了亚洲面孔就看了
5,沈炼,4,2023-10-08 00:10:15,四川,0,文武才是主角
5,momo,2,2023-10-07 14:31:36,江苏,0,WEIRD…
5,Kerouac,2,2023-10-07 07:10:39,广东,0,简直是拍的莫名其妙的无语剧情
5,Kevin,5,2023-10-07 00:36:06,上海,0,音乐稍弱，文戏略冗，特效极棒，笑点挠心，父子之情，破镜重圆。#不能拥有一只小帝江，就努力招呼一只小松狮hhh#那个居然是罗斯叔演的憎恶，还以为是随便一只外星生物omg
5,GP,1,2023-10-06 23:55:03,上海,0,垃圾
5,切童,3,2023-10-06 22:02:24,广东,0,一般
5,我不能说,2,2023-10-06 18:42:31,重庆,0,我rnm，一个比一个丑！
5,胖大福,3,2023-10-06 16:12:56,北京,0,梁朝伟的存在感碾压一众主演，尚气的成长背景和人物塑造不太nice，加上总是莫名歪斜的嘴角太令人出戏了，水战和环环的技能刻画蛮有趣的，总体来说是恰当下饭的爆米花电影
5,moontears,2,2023-10-06 14:24:58,福建,0,拍得真烂，父子俩确实可以互换一下。
5,雨落,4,2023-10-06 03:37:49,上海,0,好一部中西结合的电影哈哈哈，特效一如既往让人看得出来花了不少钱。尚气的爹到底做了什么事情要被人在买菜的空档期间杀了心爱的老婆啊？然后老婆没了把儿子养成会功夫的杀手，女儿偷偷摸摸练成会功夫的刺客，这爹这个情况俩孩子没长歪还挺厉害也是大开眼界呢。尚气爹励精图治那么多年结果把怪物放出来自己被吸干了灵魂，这个怪物是真不懂事该死啊，怎么还能这样对救命恩人的。第一次看漫威出品的片子不用时时刻刻盯着字幕，好啊。
5,被遗忘的音符,3,2023-10-05 23:37:05,重庆,0,不知道这个英雄是在讲什么
5,Burning,4,2023-10-05 23:03:53,安徽,0,居然意外的挺好看。
5,Miki,4,2023-10-05 21:55:41,广东,0,没那么糟，亚裔为角色的超级英雄篇章有很符合黄种人的文化设定与传承，虽然片中也有一些逻辑上的硬伤，但还是瑕不遮瑜。
5,多喝热水,3,2023-10-05 21:52:51,浙江,0,三星打给村里的可爱小神兽
5,Vincent,5,2023-10-05 18:47:38,澳大利亚,0,惊艳
5,Anoif,2,2023-10-05 13:51:16,新加坡,0,补飞机上打发时间
5,BladeRunner_,4,2023-10-05 13:12:46,吉林,0,哪里辱华了？就是些欧美常见的刻板印象罢了。打斗场面巨好看，配乐又带感，珍惜亚裔声音，下次别再随便禁了。
5,我爱蜜恩,1,2023-10-05 12:27:52,天津,0,开头两分钟就要被尬出去了，放国内就是一网大雷片
6,PLFLR,3,2023-10-05 10:52:05,浙江,0,很一般
6,欣阿波罗,3,2023-10-05 00:16:53,四川,0,很土很丑很肤浅，虽然这种漫画英雄片子好像不能要求他多深刻，但这个故事的逻辑和因果关系实在太蠢了，女主真的很不好看（声音也是那种欧美流行的故作沙哑），突然就成了神射手，剧情如此智障。
6,股神来le,5,2023-10-04 19:33:15,辽宁,1,豆瓣的审美真是奇葩，这片只给六分?
6,Christina233,3,2023-10-04 13:44:11,陕西,0,5/10
6,积雨云cumulo,4,2023-10-04 13:21:39,上海,0,顶锅盖说，我觉得还行，蛮好看的，Awkwafina真的蛮搞笑的哈哈
6,eatingDumpling,3,2023-10-03 23:28:23,,0,………很难评，，都忘了我看过这部电影了
6,Johnsu,3,2023-10-03 16:11:32,辽宁,0,打的挺漂亮别的没啥了，我也没看出辱华
6,是瑞丽不是莱利,3,2023-10-03 15:08:20,约旦,0,外国人对中国意象的YY
6,Henry,2,2023-10-03 15:04:59,广东,0,都换脸了，怎么还不出第二部？陈法拉不错，其它中文的东西完全看不懂，真的没有中国人参与制作吗？看上去都是机翻的中文字，不伦不类的。
6,普罗米修斯2049,4,2023-10-03 07:27:25,贵州,0,非常好啊，梁朝伟完全盖过主角风头
6,#25实验员,2,2023-10-03 01:05:10,黑龙江,0,真的好烂啊，就是一些简单到离谱又缺乏逻辑连接的情节拼在一起，没有美感的翻译腔中文台词难以入戏，每个人说中文都像在练习口语。看到最后，人丑已经不是致命硬伤了……
6,名伶,3,2023-10-03 00:05:33,广东,0,漫威宇宙的华人素材的一部旁支。
6,左瞧瞧右乔乔,3,2023-10-02 23:22:09,北京,0,"怎么说呢，这电影的元素又中国又不中国，男主的设定很武侠小说，从小被训练出来的""杀手""，厌倦了打打杀杀，然后隐姓埋名，最后被“逼迫”不得不出手，一鸣惊人。家庭矛盾是父子俩都在埋怨对方，觉得要不是对方，自己的老婆（妈妈）死不了"
6,古典音乐大狗,4,2023-10-02 23:17:53,北京,0,作为看了至少35年武打片的人来说，里面的功夫打斗早已审美疲劳，但是脑洞大开的漫威宇宙赋予了功夫更深的含义，作为终结者2启蒙的科幻迷来说，期待复仇联盟再次集结！另外，请非科幻迷不要再评论科幻电影，因为你们完全领略不到科幻电影的魅力，你们的评论只是在玷污科幻电影！
6,eva626,4,2023-10-02 22:07:40,重庆,0,剧情老套，多给一星给梁朝伟
6,哦看k家,4,2023-10-02 19:53:19,广东,0,为什么梁朝伟这么帅？
6,一坪海岸线,4,2023-10-02 15:16:23,北京,1,到底哪里乳化了？本来不怎么地，但是刚看完黑寡妇，比那个还是强一点。at阿联酋航空
6,月牙上的他,4,2023-10-02 14:23:58,浙江,0,MCU新阶段最好的了吧
6,Yami2011,4,2023-10-02 12:56:06,湖南,0,我没觉得多难看哇
6,瓦伦丁头号悍匪,2,2023-10-02 06:00:29,浙江,0,头回觉得梁朝伟好矬
7,Passwords,3,2023-10-02 04:36:42,北京,0,中规中矩的三星，倒是不差耶
7,离心力,3,2023-10-02 02:54:59,荷兰,0,就一锅乱炖。和父权的和解永远是终结父权或者终结并继承父权。
7,漫夜独眠许世安,3,2023-10-02 01:18:50,山西,0,当时看完就给分的话，我会毫不犹豫地给两颗星。过了两年后，加一颗星。第一个原因就是这几年的漫威都是些什么**东西。第二个原因就是我奶奶当年和我一起在电视机前观看的这部电影，她老人家对这部电影里面的各种神兽啧啧称奇，可惜一年后老人家就去世了。这部电影也成了我和我奶一起看的最后一部电影了。
7,西蓝发,3,2023-10-01 23:51:44,四川,0,麻麻
7,啥姆雷特,4,2023-10-01 23:39:18,湖南,0,本土军阀难敌资本蛊惑清剿传统文化，外国儿子寻根问祖终于复兴中华。及格线之上的漫威爆米花，打戏水平可以排第一。感觉最乳划的地方是开头内涵成吉思汗打欧洲。
7,/XinPEihAn,4,2023-10-01 21:59:16,江苏,0,suchalovelyplace
7,海地,3,2023-10-01 21:28:30,四川,0,爆米花剧情，打斗动作还不错，中华元素融合地不是特别好，还是有点出戏，女主的颜值让人绝望
7,有事别找阿法西,4,2023-10-01 19:32:03,中国澳门,0,主要是因为土豪航空商务舱体验比较好就觉得这电影好看了。。
7,大地如梦境宽阔,1,2023-09-30 22:42:54,广东,3,真的没有什么逻辑，仇家寻仇把老婆杀了，埋怨儿子在旁边看着？弑父不是为了大义而是因为他妈的死是因为他爸招惹的仇家？特效不错
7,浩君,5,2023-09-30 22:04:08,湖北,1,还未上映前，就听说因为有辱华因素而闹得沸沸扬扬。结果是，不仅没有，还出乎意料的好看。漫威拍的中华元素很养眼，就是国语和英语切换有点跳戏。结尾有两处彩蛋，期待第二部。
7,GARVIN,3,2023-09-30 16:17:19,广东,0,补
7,冷眼旁观,4,2023-09-30 00:26:51,广东,1,还蛮中国风的
7,moon pie,1,2023-09-29 22:28:12,江苏,0,非常糟糕无趣的剧情，生硬的中国桥段，美式的故事处理，基本上是没有值得花时间品评的地方
7,米乐是我,3,2023-09-29 19:58:15,江苏,0,holyshit
7,Yechh,2,2023-09-29 19:47:54,广东,0,烂片
7,卷卷,1,2023-09-29 17:41:44,重庆,0,莫名其妙的“十环传说”、世外桃源、异兽搏斗，完全没有超级英雄的味道
7,阿米粒丫,3,2023-09-29 13:23:28,马来西亚,0,哈哈哈机上娱乐，漫威结合功夫熊猫去掉幽默。觉得男主没有梁朝伟有魅力……
7,全王大人,4,2023-09-29 12:31:08,江苏,0,不管怎么说，至少比功夫熊猫之流好太多了
7,鹿也-,3,2023-09-29 04:21:19,四川,0,下饭
7,Arthur ,5,2023-09-28 20:29:23,北京,0,完美展现中国文化，刘思慕和梁朝伟演技在线
8,你妈突然,2,2023-09-28 19:31:14,加拿大,1,目标受众ABC，内核也是北美黄皮的身份认同#感谢美国航空
8,Kamocina,3,2023-09-28 17:45:59,广东,0,7分吧在看了几部漫威后期出的拉胯片之后觉得这部算不错的了，6分也过低了。满有诚意的华裔电影，难得标准的普通话，还有尚气妈在跟尚气讲过去的时候背后的红木家具哈哈哈哈还有看了令人同情的深情老爹（演技太牛了，老婆挂了和出发前想念老婆的时候那种心碎的眼神再配上哀伤的音乐啧啧啧）。弑父的主题有点过于牵强了，按正常逻辑阻止老爹作妖、拉着一起回家就差不多了（后面也确实是这么说了），就是跟凯蒂在大战前夜的对话非常怪，一番思索居然决定要把爹干掉看得我一头雾水，感觉凯蒂的眼神都在懵逼。。？说到凯蒂，这个人物应该也不简单，不然王没道理最后把她也一块叫去讨论。对了，打戏非常棒，速度力量都体现的很完整、拳拳到肉的感觉，虽然不太懂打戏，但确实感觉明显在漫威大部分划水打戏的电影里属上乘了。
8,Keats,3,2023-09-28 16:49:59,陕西,0,主要是选角问题，太刻意追求普通人长相。男主老，女主丑。
8,用醉遮丑,2,2023-09-28 01:41:09,辽宁,0,平心而论还行，特效不错，打戏很好，但剧情鬼使，逻辑不通，最后记得看公交车司机的肩章，乳了乳了
8,.,3,2023-09-28 01:25:02,上海,0,没感觉
8,Kern,5,2023-09-27 22:37:51,北京,0,出乎意料的好，还原中华文化方面做得很不错了，美中不足的是逃不脱龙骑士的阴影！
8,微光暖暖,1,2023-09-27 08:48:51,贵州,0,满洲牛逼
8,迪,2,2023-09-27 02:47:19,北京,0,飞机上看完的。全程一句歌在脑海反复回响：谁再胡说八道，就给他一电炮～
8,荼陂村人,3,2023-09-26 22:40:26,陕西,0,特效动作这些还行，至于选角额……我觉得问题太大了，而且片子里对太极的理解有点太浮于表面，而且人物情感上的转变有点牵强。也算是一部想迎合东方观众，在漫威系列另外开辟一条英雄线的赚钱爽片罢了，对于西方而言，东方的东西懂个表皮就完全够敷衍人了，不过还是欢迎学习和传播东方的传统文化。
8,yuanzh,5,2023-09-26 21:36:50,湖南,0,刻板印象不容小觑
8,生活在别处。,2,2023-09-26 21:19:42,河北,0,华人也可拯救世界，但是必须是土生土长的美籍华人。
8,潜心修炼的台风,4,2023-09-25 20:47:07,河北,0,还行吧，有点儿成龙动作的影子，就是女主实在是………
8,0405|Love&Life,3,2023-09-25 09:12:26,澳大利亚,0,爆米花电影系列。
8,8Mile,2,2023-09-25 01:10:18,辽宁,0,标记一下不看了
8,家乐,4,2023-09-25 00:40:46,北京,0,我整个过程：emmm…啊这……emmm……啊梁朝伟好帅……emmm……老外的弑父情节就是不管怎么样都得硬塞进去是吧？（3.5好了，毕竟梁朝伟好帅，里面的妈也好美。（好好练功，争取早日拯救世界。(￣▽￣)
8,粉红色的天空,5,2023-09-24 23:53:10,江苏,1,依然是战神妈妈和邪恶爸爸的爱恨情仇，儿子PUA中成长坚守本心。武打动作超级好看，配乐古典有力量，故事设定很喜欢，像桃花源记里生活了山海经里的小动物。梁朝伟降维打击其他人。
8,朝辞白帝。,3,2023-09-24 19:38:12,广东,0,7/10，并没有想象的那么差，属于是前面无聊的想睡觉，后面看起来还挺好的一部。到达大罗村之后的场景和动作设计都相当优秀。
8,机器羊,2,2023-09-24 05:18:19,德国,0,就蛮无聊的…
8,九九年对酒当歌,1,2023-09-23 16:57:16,广东,0,shab剧情
8,孤独者顾语,3,2023-09-23 14:07:53,内蒙古,0,迪士尼对中国神话的拙劣探索，以及西方人对中国人永远不会变的刻板印象——长得难看，当然我不是说演员长得不好看，而是被故意化了很难看的妆。就像《小美人鱼》用黑人演员主演一样，这根本不是什么平等，是另一种赤裸裸的歧视，是白人刻在DNA里的傲慢。说回剧情，特效整体不错，第一次在国外电影里看见了九尾狐、龙和其他叫不上名字的神兽。但剧情，“主角孤身在外—反派找上门—反派是主角至亲—正邪对决—反派醒悟牺牲—主角觉醒力量拯救世界”，整个剧情结构就是一个非常合格的标准化模板，类似于国内十年前玄幻电影电视剧的剧情，最后彩蛋，王、惊队和布鲁斯出现，勉强和MCU宇宙接轨了。不说期待下一部了，复联里十环回归别作幺蛾子就行了。
9,赖皮蛋,3,2023-09-23 14:05:52,浙江,0,5无聊的故事
9,方方土,5,2023-09-23 07:40:32,德国,0,首先，网上一搜说的都是尚气与石环传奇辱华，原因是里面的角色，男主和女主太符合外国人对亚洲人外貌特征方面的刻板印象，但我其实觉得虽然男主，女主不是说特别好看吧，但也没有特别丑，而且我觉得这个男主其实长得还不错啊，就非得要所有的男演员都得瓜子脸吗？我觉得他这种方方正正的长相，看起来也很不错，是帅的啊！不懂网友怎么想的，女主其实也还可以呀，只是长得不那么秀气吧，男主妹妹也还行，当然了，最好看的还是妈妈。剧情方面我觉得比雷神4好看。而且里面那些神兽我觉得也都做的挺不错的呀，活灵活现，比神奇动物里面东方元素的动物好看，总体来说还是可以的。
9,大块头,2,2023-09-22 23:35:15,广东,0,不觉得这个故事情节特别牵强吗？
9,Hogan Bacon,5,2023-09-22 13:37:30,河南,0,漫威电影最棒的打戏，还有估计导演看过功夫吧，这不就是其中的棒子和铁环？
9,J,5,2023-09-21 23:39:56,北京,0,好莱坞拍华人剧或者如黑豹的非洲剧，其实都是按照自己的样子拍的，还是美剧。一个人有欲望，弱点，软肋，不为认知的一面甚至自己也不自知的面。一国也是如此。
9,风的季节,3,2023-09-21 22:19:52,湖北,0,文武——一个重情义的boss
9,坊や,3,2023-09-21 16:32:40,广东,0,这片怎么能看？非常尴尬的片。不伦不类的。徐夏灵这个角色总是板着个脸瞪着个眼，这演技太烂了吧。什么选角水平？看起来非常讨厌。5/10
9,相契默无言,3,2023-09-21 12:16:17,澳大利亚,0,我觉得还算不错的，看完这个看封神就看出来特效的差距了，剧情确实有点无厘头但裹着超英的皮也在理解范围内，里面开的玩笑也都有笑到
9,ilovewin95,4,2023-09-21 10:16:40,上海,0,看中国人演外国漫画片还是挺新奇的。不抱有太高期望的话，其实挺好看的一部爆米花片。
9,豆友OS0YHQO-KE,3,2023-09-21 05:12:52,广东,0,看完真的想吐槽，剧情一般般，甚至有点拉胯，选角也是，能稍微上点心吗，靠梁朝伟杨紫琼撑不起台面啊
9,慵不能,2,2023-09-20 21:53:43,四川,0,梁朝伟那张脸……跟陈法拉一起营造浪漫氛围的时候真的太让人出戏了（好辣眼睛
9,Jine,4,2023-09-20 16:12:01,中国香港,0,片尾曲挺好听的
9,未来,4,2023-09-20 09:01:55,浙江,0,不希望有下一部系列。即便单从影片来说，也是很老套，逻辑很生硬的故事。
9,看了个呆呆子,3,2023-09-19 23:26:08,上海,0,梁朝伟————没有你我怎么办啊————
9,木木三SU,2,2023-09-19 18:16:10,广东,0,看一半上气不接下气
9,宇知行🐟,2,2023-09-19 10:01:06,爱尔兰,0,梁朝伟好帅，没了。刘思慕怎么可能会是梁朝伟和陈法拉生的小孩😅
9,C.Z.J🍃,3,2023-09-19 00:37:42,上海,0,亮点1:梁朝伟、杨紫琼、元华参演。亮点2:引用了桃花源记的典故。亮点3:大量的中国元素（不知是否参考了《山海经》），从布景到造型到特效都值得一看。槽点1:剧情实在一言难尽。槽点2:emmm个别演员长得真的不在我的审美上…
9,若曦,3,2023-09-19 00:00:36,江苏,0,女主挺讨喜的，剧情就一般
9,怎样看到鹿,4,2023-09-18 00:04:59,山东,0,为梁朝伟来的很神奇看到了中国文化的漫威超英电影但老梁像是来打酱油的剧情有点一般但看起来还可以
9,momo,3,2023-09-17 23:35:04,浙江,0,我合理怀疑选角导演跟男主有仇，不然怎么会选梁朝伟来演他爸爸🤔相比较钱信伊出场时我甚至以为他和男主有什么血缘关系（对8起整部电影特效挺不错的，但神龙看着跟生病一样全身泛着粉红色，不好看:(蛮喜欢妹妹，结尾彩蛋很酷，女孩子们也可以光明正大地练武！（十环咋不能传给她呢😡）但和其他女性角色一样的通病就是很工具人，需要时出现，不需要时不止父母死亡时像个外人一样站在远处、连他们的临终遗言也没被提及🙄
10,于夕,3,2023-09-17 22:31:22,广东,0,爱妻号梁朝伟反派在哪里？
10,此间有城,3,2023-09-17 16:00:50,北京,0,刘慕思又可爱又看上去很会操。
10,小浣熊熊熊熊丶,1,2023-09-17 15:48:40,天津,0,球球漫威别糟蹋中国元素了，里面的龙看着让人恶心🤢
10,bata12,4,2023-09-16 18:25:06,广东,0,乐
10,1897122,3,2023-09-16 14:02:33,湖北,0,这还是我小外甥上完课回来跟我说，他们老师上课的时候问他们知不知道漫威最近的新片？我以为是英雄无归，刚好那段时间英雄无归也蛮火的，我外甥说他开始也以为是这样，后来老师说是尚气与十环，还说请了个华人演员在演，长的很帅，我第一时间就想到了港星，赶紧随便找了个资源，点进去一看，原来是梁朝伟，倒是蛮惊喜，看看完电影对质量很失望，怎么说呢？故事的设定还是不错的，首先，故事要是讲好了的话，也不至于这样，所以故事设定，一颗星，特效还不错，也一颗星，梁朝伟也在电影中再加一星
10,凯文,3,2023-09-16 00:04:23,江苏,0,现在看还不错...
10,汐夏,3,2023-09-15 18:46:40,江苏,0,大概把好莱坞的所有亚裔熟脸都请来了…就来来回回这老几位么尚气带领的娘家人和他爸红与黑大战的时候我脑内放起背景音乐“i'mjustken”…时空错乱了
10,秋心吾,3,2023-09-14 21:51:22,日本,0,我记得当时刚看完我是想打两颗星的，但是现在忘了为啥了，就只记得龙好丑
10,李豆瓣,1,2023-09-14 21:31:16,福建,0,好久没看过这么纯正的烂片了，除了特效都
10,真是个好梦啊,2,2023-09-14 20:16:10,天津,0,我宁愿用这两个小时再看一遍长津湖
10,徐京墨,2,2023-09-14 19:47:40,广东,0,和黑豹，神奇女侠用一个剧本，换汤不换药，逻辑硬伤我都懒得挑，这样的本别想圈中国人的钱。刘思慕我都不好意思说他是哈尔滨的，确实长的像棒子。2星给麒麟，龙，帝江的CG
10,1克拉凸,1,2023-09-14 16:28:28,四川,1,走下神坛之作威尼斯的奖是对于过去的褒奖
10,(๑ت๑),2,2023-09-14 12:08:50,河南,1,两分是给特效的，作为一部超级英雄电影实在是太过逆天，尚气唯一会做的事情就是旁观。看他妈死，看他爸死，看着龙差点死，太逆天了
10,MOZILLA,3,2023-09-14 09:59:03,福建,0,美术动作部分不错，很多部分都很肤浅，纯商业片
10,kal,3,2023-09-13 22:57:33,山东,0,男主演技很尬，梁朝伟这演技也很难评，还好女演员演技都很好，不然很难看进去。尤其是女主和妹妹和杨紫琼，唯一使电影好看的部分。
10,皮不卡丘,3,2023-09-13 17:24:13,河南,0,看了黑亚当，发现尚气还是相对性好看的，，，梁朝伟那么帅，儿子跟爹是真的一点都不像啊
10,牛肉干与鱼豆腐,4,2023-09-13 12:35:25,重庆,0,还行吧，就图个山海经世界的还原
10,不不不不想换号,3,2023-09-13 09:26:31,广东,0,很高兴在漫威宇宙看到武术，但是剧本写得比国内的量产傻白甜古装剧还不如。颜值担当全在父亲那一代上，男主除了打戏，其他时候演技都一般。
10,晓砻,4,2023-09-13 04:05:11,北京,0,不是这真就是妇联4以后比较好看的漫威了干嘛那么挑啊我去我看的津津有味
10,Yu,2,2023-09-12 17:18:08,湖南,0,好无聊啊好无聊啊真烂
